x,y,motor1,motor2,V1,V2,A1,A2
0.35,0.35,0.15,0.1,0.0,5.7250371611e-21,8.58755574165e-21,0.0
0.36,0.35,0.14,0.1,0.0,1.04047657611e-19,1.45666720656e-19,0.0
0.37,0.35,0.13,0.1,0.0,1.54820123186e-18,2.01266160141e-18,0.0
0.38,0.35,0.12,0.1,0.0,1.88609521571e-17,2.26331425885e-17,0.0
0.39,0.35,0.11,0.1,0.0,1.88122578086e-16,2.06934835895e-16,0.0
0.4,0.35,0.1,0.1,0.0,1.53624093704e-15,1.53624093704e-15,0.0
0.41,0.35,0.09,0.1,0.0,1.0271144743e-14,9.24403026866e-15,0.0
0.42,0.35,0.08,0.1,0.0,5.62237059758e-14,4.49789647806e-14,0.0
0.43,0.35,0.07,0.1,0.0,2.51977168565e-13,1.76384017996e-13,0.0
0.44,0.35,0.06,0.1,0.0,9.24578984929e-13,5.54747390958e-13,0.0
0.45,0.35,0.05,0.1,0.0,2.77758877295e-12,1.38879438648e-12,0.0
0.46,0.35,0.04,0.1,0.0,6.83176598733e-12,2.73270639493e-12,0.0
0.47,0.35,0.03,0.1,0.0,1.37574872533e-11,4.127246176e-12,0.0
0.48,0.35,0.02,0.1,0.0,2.26822618649e-11,4.53645237299e-12,0.0
0.49,0.35,0.01,0.1,0.0,3.06178509529e-11,3.06178509529e-12,0.0
0.5,0.35,-1.11022302463e-16,0.1,0.0,3.38379584466e-11,-3.75676805737e-26,0.0
0.51,0.35,-0.01,0.1,0.0,3.06178509529e-11,-3.06178509529e-12,0.0
0.52,0.35,-0.02,0.1,0.0,2.26822618649e-11,-4.53645237299e-12,0.0
0.53,0.35,-0.03,0.1,0.0,1.37574872533e-11,-4.127246176e-12,0.0
0.54,0.35,-0.04,0.1,0.0,6.83176598733e-12,-2.73270639493e-12,0.0
0.55,0.35,-0.05,0.1,0.0,2.77758877295e-12,-1.38879438648e-12,0.0
0.56,0.35,-0.06,0.1,0.0,9.24578984929e-13,-5.54747390958e-13,0.0
0.57,0.35,-0.07,0.1,0.0,2.51977168565e-13,-1.76384017996e-13,0.0
0.58,0.35,-0.08,0.1,0.0,5.62237059758e-14,-4.49789647806e-14,0.0
0.59,0.35,-0.09,0.1,0.0,1.0271144743e-14,-9.24403026866e-15,0.0
0.6,0.35,-0.1,0.1,0.0,1.53624093704e-15,-1.53624093704e-15,0.0
0.61,0.35,-0.11,0.1,0.0,1.88122578086e-16,-2.06934835895e-16,0.0
0.62,0.35,-0.12,0.1,0.0,1.88609521571e-17,-2.26331425885e-17,0.0
0.63,0.35,-0.13,0.1,0.0,1.54820123186e-18,-2.01266160141e-18,0.0
0.64,0.35,-0.14,0.1,0.0,1.04047657611e-19,-1.45666720656e-19,0.0
0.65,0.35,-0.15,0.1,0.0,5.7250371611e-21,-8.58755574165e-21,0.0
0.35,0.36,0.15,0.1,0.0,1.04047657611e-19,1.56071486417e-19,0.0
0.36,0.36,0.14,0.1,0.0,1.89097725478e-18,2.64736815669e-18,0.0
0.37,0.36,0.13,0.1,0.0,2.81372342489e-17,3.65784045236e-17,0.0
0.38,0.36,0.12,0.1,0.0,3.42781686308e-16,4.1133802357e-16,0.0
0.39,0.36,0.11,0.1,0.0,3.41896708141e-15,3.76086378955e-15,0.0
0.4,0.36,0.1,0.1,0.0,2.79198661123e-14,2.79198661123e-14,0.0
0.41,0.36,0.09,0.1,0.0,1.86669277669e-13,1.68002349902e-13,0.0
0.42,0.36,0.08,0.1,0.0,1.02181780561e-12,8.17454244486e-13,0.0
0.43,0.36,0.07,0.1,0.0,4.57946969119e-12,3.20562878383e-12,0.0
0.44,0.36,0.06,0.1,0.0,1.68034328763e-11,1.00820597258e-11,0.0
0.45,0.36,0.05,0.1,0.0,5.04803021242e-11,2.52401510621e-11,0.0
0.46,0.36,0.04,0.1,0.0,1.24161508111e-10,4.96646032444e-11,0.0
0.47,0.36,0.03,0.1,0.0,2.50030572965e-10,7.50091718894e-11,0.0
0.48,0.36,0.02,0.1,0.0,4.12230723638e-10,8.24461447276e-11,0.0
0.49,0.36,0.01,0.1,0.0,5.56453272655e-10,5.56453272655e-11,0.0
0.5,0.36,-1.11022302463e-16,0.1,0.0,6.14975974026e-10,-6.82760485955e-25,0.0
0.51,0.36,-0.01,0.1,0.0,5.56453272655e-10,-5.56453272655e-11,0.0
0.52,0.36,-0.02,0.1,0.0,4.12230723638e-10,-8.24461447276e-11,0.0
0.53,0.36,-0.03,0.1,0.0,2.50030572965e-10,-7.50091718894e-11,0.0
0.54,0.36,-0.04,0.1,0.0,1.24161508111e-10,-4.96646032444e-11,0.0
0.55,0.36,-0.05,0.1,0.0,5.04803021242e-11,-2.52401510621e-11,0.0
0.56,0.36,-0.06,0.1,0.0,1.68034328763e-11,-1.00820597258e-11,0.0
0.57,0.36,-0.07,0.1,0.0,4.57946969119e-12,-3.20562878383e-12,0.0
0.58,0.36,-0.08,0.1,0.0,1.02181780561e-12,-8.17454244486e-13,0.0
0.59,0.36,-0.09,0.1,0.0,1.86669277669e-13,-1.68002349902e-13,0.0
0.6,0.36,-0.1,0.1,0.0,2.79198661123e-14,-2.79198661123e-14,0.0
0.61,0.36,-0.11,0.1,0.0,3.41896708141e-15,-3.76086378955e-15,0.0
0.62,0.36,-0.12,0.1,0.0,3.42781686308e-16,-4.1133802357e-16,0.0
0.63,0.36,-0.13,0.1,0.0,2.81372342489e-17,-3.65784045236e-17,0.0
0.64,0.36,-0.14,0.1,0.0,1.89097725478e-18,-2.64736815669e-18,0.0
0.65,0.36,-0.15,0.1,0.0,1.04047657611e-19,-1.56071486417e-19,0.0
0.35,0.37,0.15,0.1,0.0,1.54820123186e-18,2.32230184779e-18,0.0
0.36,0.37,0.14,0.1,0.0,2.81372342489e-17,3.93921279485e-17,0.0
0.37,0.37,0.13,0.1,0.0,4.18674497104e-16,5.44276846235e-16,0.0
0.38,0.37,0.12,0.1,0.0,5.10049953247e-15,6.12059943896e-15,0.0
0.39,0.37,0.11,0.1,0.0,5.08733129475e-14,5.59606442423e-14,0.0
0.4,0.37,0.1,0.1,0.0,4.15440117544e-13,4.15440117544e-13,0.0
0.41,0.37,0.09,0.1,0.0,2.77758877295e-12,2.49982989566e-12,0.0
0.42,0.37,0.08,0.1,0.0,1.52043748181e-11,1.21634998544e-11,0.0
0.43,0.37,0.07,0.1,0.0,6.81412804254e-11,4.76988962978e-11,0.0
0.44,0.37,0.06,0.1,0.0,2.50030572965e-10,1.50018343779e-10,0.0
0.45,0.37,0.05,0.1,0.0,7.51133350367e-10,3.75566675183e-10,0.0
0.46,0.37,0.04,0.1,0.0,1.84748991533e-09,7.38995966131e-10,0.0
0.47,0.37,0.03,0.1,0.0,3.72038778418e-09,1.11611633525e-09,0.0
0.48,0.37,0.02,0.1,0.0,6.133882401e-09,1.2267764802e-09,0.0
0.49,0.37,0.01,0.1,0.0,8.27987509479e-09,8.27987509479e-10,0.0
0.5,0.37,-1.11022302463e-16,0.1,0.0,9.15067712022e-09,-1.01592924298e-23,0.0
0.51,0.37,-0.01,0.1,0.0,8.27987509479e-09,-8.27987509479e-10,0.0
0.52,0.37,-0.02,0.1,0.0,6.133882401e-09,-1.2267764802e-09,0.0
0.53,0.37,-0.03,0.1,0.0,3.72038778418e-09,-1.11611633525e-09,0.0
0.54,0.37,-0.04,0.1,0.0,1.84748991533e-09,-7.38995966131e-10,0.0
0.55,0.37,-0.05,0.1,0.0,7.51133350367e-10,-3.75566675183e-10,0.0
0.56,0.37,-0.06,0.1,0.0,2.50030572965e-10,-1.50018343779e-10,0.0
0.57,0.37,-0.07,0.1,0.0,6.81412804254e-11,-4.76988962978e-11,0.0
0.58,0.37,-0.08,0.1,0.0,1.52043748181e-11,-1.21634998544e-11,0.0
0.59,0.37,-0.09,0.1,0.0,2.77758877295e-12,-2.49982989566e-12,0.0
0.6,0.37,-0.1,0.1,0.0,4.15440117544e-13,-4.15440117544e-13,0.0
0.61,0.37,-0.11,0.1,0.0,5.08733129475e-14,-5.59606442423e-14,0.0
0.62,0.37,-0.12,0.1,0.0,5.10049953247e-15,-6.12059943896e-15,0.0
0.63,0.37,-0.13,0.1,0.0,4.18674497104e-16,-5.44276846235e-16,0.0
0.64,0.37,-0.14,0.1,0.0,2.81372342489e-17,-3.93921279485e-17,0.0
0.65,0.37,-0.15,0.1,0.0,1.54820123186e-18,-2.32230184779e-18,0.0
0.35,0.38,0.15,0.1,0.0,1.88609521571e-17,2.82914282356e-17,0.0
0.36,0.38,0.14,0.1,0.0,3.42781686308e-16,4.79894360832e-16,0.0
0.37,0.38,0.13,0.1,0.0,5.10049953247e-15,6.63064939221e-15,0.0
0.38,0.38,0.12,0.1,0.0,6.21368047508e-14,7.4564165701e-14,0.0
0.39,0.38,0.11,0.1,0.0,6.19763827742e-13,6.81740210517e-13,0.0
0.4,0.38,0.1,0.1,0.0,5.0610967229e-12,5.0610967229e-12,0.0
0.41,0.38,0.09,0.1,0.0,3.38379584466e-11,3.04541626019e-11,0.0
0.42,0.38,0.08,0.1,0.0,1.8522720424e-10,1.48181763392e-10,0.0
0.43,0.38,0.07,0.1,0.0,8.30130734094e-10,5.81091513866e-10,0.0
0.44,0.38,0.06,0.1,0.0,3.04599590255e-09,1.82759754153e-09,0.0
0.45,0.38,0.05,0.1,0.0,9.15067712022e-09,4.57533856011e-09,0.0
0.46,0.38,0.04,0.1,0.0,2.2507032411e-08,9.00281296441e-09,0.0
0.47,0.38,0.03,0.1,0.0,4.53235922842e-08,1.35970776853e-08,0.0
0.48,0.38,0.02,0.1,0.0,7.47259596779e-08,1.49451919356e-08,0.0
0.49,0.38,0.01,0.1,0.0,1.0086948164e-07,1.0086948164e-08,0.0
0.5,0.38,-1.11022302463e-16,0.1,0.0,1.11478011717e-07,-1.23765455348e-22,0.0
0.51,0.38,-0.01,0.1,0.0,1.0086948164e-07,-1.0086948164e-08,0.0
0.52,0.38,-0.02,0.1,0.0,7.47259596778e-08,-1.49451919356e-08,0.0
0.53,0.38,-0.03,0.1,0.0,4.53235922842e-08,-1.35970776853e-08,0.0
0.54,0.38,-0.04,0.1,0.0,2.2507032411e-08,-9.00281296441e-09,0.0
0.55,0.38,-0.05,0.1,0.0,9.15067712022e-09,-4.57533856011e-09,0.0
0.56,0.38,-0.06,0.1,0.0,3.04599590255e-09,-1.82759754153e-09,0.0
0.57,0.38,-0.07,0.1,0.0,8.30130734094e-10,-5.81091513866e-10,0.0
0.58,0.38,-0.08,0.1,0.0,1.8522720424e-10,-1.48181763392e-10,0.0
0.59,0.38,-0.09,0.1,0.0,3.38379584466e-11,-3.04541626019e-11,0.0
0.6,0.38,-0.1,0.1,0.0,5.0610967229e-12,-5.0610967229e-12,0.0
0.61,0.38,-0.11,0.1,0.0,6.19763827742e-13,-6.81740210517e-13,0.0
0.62,0.38,-0.12,0.1,0.0,6.21368047508e-14,-7.4564165701e-14,0.0
0.63,0.38,-0.13,0.1,0.0,5.10049953247e-15,-6.63064939221e-15,0.0
0.64,0.38,-0.14,0.1,0.0,3.42781686308e-16,-4.79894360832e-16,0.0
0.65,0.38,-0.15,0.1,0.0,1.88609521571e-17,-2.82914282356e-17,0.0
0.35,0.39,0.15,0.1,0.0,1.88122578086e-16,2.82183867129e-16,0.0
0.36,0.39,0.14,0.1,0.0,3.41896708141e-15,4.78655391397e-15,0.0
0.37,0.39,0.13,0.1,0.0,5.08733129475e-14,6.61353068318e-14,0.0
0.38,0.39,0.12,0.1,0.0,6.19763827742e-13,7.43716593291e-13,0.0
0.39,0.39,0.11,0.1,0.0,6.18163749663e-12,6.79980124629e-12,0.0
0.4,0.39,0.1,0.1,0.0,5.04803021242e-11,5.04803021242e-11,0.0
0.41,0.39,0.09,0.1,0.0,3.37505970932e-10,3.03755373839e-10,0.0
0.42,0.39,0.08,0.1,0.0,1.84748991533e-09,1.47799193226e-09,0.0
0.43,0.39,0.07,0.1,0.0,8.27987509479e-09,5.79591256635e-09,0.0
0.44,0.39,0.06,0.1,0.0,3.03813147363e-08,1.82287888418e-08,0.0
0.45,0.39,0.05,0.1,0.0,9.12704857066e-08,4.56352428533e-08,0.0
0.46,0.39,0.04,0.1,0.0,2.2448902107e-07,8.9795608428e-08,0.0
0.47,0.39,0.03,0.1,0.0,4.52064859581e-07,1.35619457874e-07,0.0
0.48,0.39,0.02,0.1,0.0,7.45327856837e-07,1.49065571367e-07,0.0
0.49,0.39,0.01,0.1,0.0,1.00608606035e-06,1.00608606035e-07,0.0
0.5,0.39,-1.11022302463e-16,0.1,0.0,1.11189646673e-06,-1.23445305836e-21,0.0
0.51,0.39,-0.01,0.1,0.0,1.00608606035e-06,-1.00608606035e-07,0.0
0.52,0.39,-0.02,0.1,0.0,7.45327856837e-07,-1.49065571367e-07,0.0
0.53,0.39,-0.03,0.1,0.0,4.52064859581e-07,-1.35619457874e-07,0.0
0.54,0.39,-0.04,0.1,0.0,2.2448902107e-07,-8.9795608428e-08,0.0
0.55,0.39,-0.05,0.1,0.0,9.12704857066e-08,-4.56352428533e-08,0.0
0.56,0.39,-0.06,0.1,0.0,3.03813147363e-08,-1.82287888418e-08,0.0
0.57,0.39,-0.07,0.1,0.0,8.27987509479e-09,-5.79591256635e-09,0.0
0.58,0.39,-0.08,0.1,0.0,1.84748991533e-09,-1.47799193226e-09,0.0
0.59,0.39,-0.09,0.1,0.0,3.37505970932e-10,-3.03755373839e-10,0.0
0.6,0.39,-0.1,0.1,0.0,5.04803021242e-11,-5.04803021242e-11,0.0
0.61,0.39,-0.11,0.1,0.0,6.18163749663e-12,-6.79980124629e-12,0.0
0.62,0.39,-0.12,0.1,0.0,6.19763827742e-13,-7.43716593291e-13,0.0
0.63,0.39,-0.13,0.1,0.0,5.08733129475e-14,-6.61353068318e-14,0.0
0.64,0.39,-0.14,0.1,0.0,3.41896708141e-15,-4.78655391397e-15,0.0
0.65,0.39,-0.15,0.1,0.0,1.88122578086e-16,-2.82183867129e-16,0.0
0.35,0.4,0.15,0.1,0.0,1.53624093704e-15,2.30436140556e-15,0.0
0.36,0.4,0.14,0.1,0.0,2.79198661123e-14,3.90878125572e-14,0.0
0.37,0.4,0.13,0.1,0.0,4.15440117544e-13,5.40072152807e-13,0.0
0.38,0.4,0.12,0.1,0.0,5.0610967229e-12,6.07331606747e-12,0.0
0.39,0.4,0.11,0.1,0.0,5.04803021242e-11,5.55283323366e-11,0.0
0.4,0.4,0.1,0.1,0.0,4.12230723638e-10,4.12230723638e-10,0.0
0.41,0.4,0.09,0.1,0.0,2.75613107181e-09,2.48051796463e-09,0.0
0.42,0.4,0.08,0.1,0.0,1.50869155616e-08,1.20695324493e-08,0.0
0.43,0.4,0.07,0.1,0.0,6.76148468193e-08,4.73303927735e-08,0.0
0.44,0.4,0.06,0.1,0.0,2.48098708226e-07,1.48859224936e-07,0.0
0.45,0.4,0.05,0.1,0.0,7.45327856837e-07,3.72663928419e-07,0.0
0.46,0.4,0.04,0.1,0.0,1.83320074397e-06,7.33280297588e-07,0.0
0.47,0.4,0.03,0.1,0.0,3.69157865913e-06,1.10747359774e-06,0.0
0.48,0.4,0.02,0.1,0.0,6.08631138011e-06,1.21726227602e-06,0.0
0.49,0.4,0.01,0.1,0.0,8.21557355295e-06,8.21557355295e-07,0.0
0.5,0.4,-1.11022302463e-16,0.1,0.0,9.07957374049e-06,-1.00803518205e-20,0.0
0.51,0.4,-0.01,0.1,0.0,8.21557355295e-06,-8.21557355295e-07,0.0
0.52,0.4,-0.02,0.1,0.0,6.08631138011e-06,-1.21726227602e-06,0.0
0.53,0.4,-0.03,0.1,0.0,3.69157865913e-06,-1.10747359774e-06,0.0
0.54,0.4,-0.04,0.1,0.0,1.83320074397e-06,-7.33280297588e-07,0.0
0.55,0.4,-0.05,0.1,0.0,7.45327856837e-07,-3.72663928419e-07,0.0
0.56,0.4,-0.06,0.1,0.0,2.48098708226e-07,-1.48859224936e-07,0.0
0.57,0.4,-0.07,0.1,0.0,6.76148468192e-08,-4.73303927735e-08,0.0
0.58,0.4,-0.08,0.1,0.0,1.50869155616e-08,-1.20695324493e-08,0.0
0.59,0.4,-0.09,0.1,0.0,2.75613107181e-09,-2.48051796463e-09,0.0
0.6,0.4,-0.1,0.1,0.0,4.12230723638e-10,-4.12230723638e-10,0.0
0.61,0.4,-0.11,0.1,0.0,5.04803021242e-11,-5.55283323366e-11,0.0
0.62,0.4,-0.12,0.1,0.0,5.0610967229e-12,-6.07331606747e-12,0.0
0.63,0.4,-0.13,0.1,0.0,4.15440117544e-13,-5.40072152807e-13,0.0
0.64,0.4,-0.14,0.1,0.0,2.79198661123e-14,-3.90878125572e-14,0.0
0.65,0.4,-0.15,0.1,0.0,1.53624093704e-15,-2.30436140556e-15,0.0
0.35,0.41,0.15,0.1,0.0,1.0271144743e-14,1.54067171144e-14,0.0
0.36,0.41,0.14,0.1,0.0,1.86669277669e-13,2.61336988737e-13,0.0
0.37,0.41,0.13,0.1,0.0,2.77758877295e-12,3.61086540484e-12,0.0
0.38,0.41,0.12,0.1,0.0,3.38379584466e-11,4.06055501359e-11,0.0
0.39,0.41,0.11,0.1,0.0,3.37505970932e-10,3.71256568025e-10,0.0
0.4,0.41,0.1,0.1,0.0,2.75613107181e-09,2.75613107181e-09,0.0
0.41,0.41,0.09,0.1,0.0,1.84271999713e-08,1.65844799742e-08,0.0
0.42,0.41,0.08,0.1,0.0,1.0086948164e-07,8.06955853122e-08,0.0
0.43,0.41,0.07,0.1,0.0,4.52064859581e-07,3.16445401707e-07,0.0
0.44,0.41,0.06,0.1,0.0,1.65875007478e-06,9.95250044867e-07,0.0
0.45,0.41,0.05,0.1,0.0,4.98307778789e-06,2.49153889394e-06,0.0
0.46,0.41,0.04,0.1,0.0,1.22559479233e-05,4.90237916933e-06,0.0
0.47,0.41,0.03,0.1,0.0,2.46789151972e-05,7.40367455917e-06,0.0
0.48,0.41,0.02,0.1,0.0,4.0685395611e-05,8.13707912221e-06,0.0
0.49,0.41,0.01,0.1,0.0,5.49156312203e-05,5.49156312203e-06,0.0
0.5,0.41,-1.11022302463e-16,0.1,0.0,6.06894060058e-05,-6.73787758984e-20,0.0
0.51,0.41,-0.01,0.1,0.0,5.49156312203e-05,-5.49156312203e-06,0.0
0.52,0.41,-0.02,0.1,0.0,4.0685395611e-05,-8.13707912221e-06,0.0
0.53,0.41,-0.03,0.1,0.0,2.46789151972e-05,-7.40367455917e-06,0.0
0.54,0.41,-0.04,0.1,0.0,1.22559479233e-05,-4.90237916933e-06,0.0
0.55,0.41,-0.05,0.1,0.0,4.98307778789e-06,-2.49153889394e-06,0.0
0.56,0.41,-0.06,0.1,0.0,1.65875007478e-06,-9.95250044867e-07,0.0
0.57,0.41,-0.07,0.1,0.0,4.52064859581e-07,-3.16445401706e-07,0.0
0.58,0.41,-0.08,0.1,0.0,1.0086948164e-07,-8.06955853122e-08,0.0
0.59,0.41,-0.09,0.1,0.0,1.84271999713e-08,-1.65844799742e-08,0.0
0.6,0.41,-0.1,0.1,0.0,2.75613107181e-09,-2.75613107181e-09,0.0
0.61,0.41,-0.11,0.1,0.0,3.37505970932e-10,-3.71256568025e-10,0.0
0.62,0.41,-0.12,0.1,0.0,3.38379584466e-11,-4.06055501359e-11,0.0
0.63,0.41,-0.13,0.1,0.0,2.77758877295e-12,-3.61086540484e-12,0.0
0.64,0.41,-0.14,0.1,0.0,1.86669277669e-13,-2.61336988737e-13,0.0
0.65,0.41,-0.15,0.1,0.0,1.0271144743e-14,-1.54067171144e-14,0.0
0.35,0.42,0.15,0.1,0.0,5.62237059758e-14,8.43355589636e-14,0.0
0.36,0.42,0.14,0.1,0.0,1.02181780561e-12,1.43054492785e-12,0.0
0.37,0.42,0.13,0.1,0.0,1.52043748181e-11,1.97656872635e-11,0.0
0.38,0.42,0.12,0.1,0.0,1.8522720424e-10,2.22272645088e-10,0.0
0.39,0.42,0.11,0.1,0.0,1.84748991533e-09,2.03223890686e-09,0.0
0.4,0.42,0.1,0.1,0.0,1.50869155616e-08,1.50869155616e-08,0.0
0.41,0.42,0.09,0.1,0.0,1.0086948164e-07,9.07825334763e-08,0.0
0.42,0.42,0.08,0.1,0.0,5.52152990039e-07,4.41722392031e-07,0.0
0.43,0.42,0.07,0.1,0.0,2.47455423489e-06,1.73218796442e-06,0.0
0.44,0.42,0.06,0.1,0.0,9.07957374049e-06,5.44774424429e-06,0.0
0.45,0.42,0.05,0.1,0.0,2.72740654159e-05,1.36370327079e-05,0.0
0.46,0.42,0.04,0.1,0.0,6.70700260933e-05,2.68280104373e-05,0.0
0.47,0.42,0.03,0.1,0.0,0.000135016546127,4.0504963838e-05,0.0
0.48,0.42,0.02,0.1,0.0,0.000222507206572,4.45014413144e-05,0.0
0.49,0.42,0.01,0.1,0.0,0.000300236451347,3.00236451347e-05,0.0
0.5,0.42,-1.11022302463e-16,0.1,0.0,0.000331760216035,-3.68327830497e-19,0.0
0.51,0.42,-0.01,0.1,0.0,0.000300236451347,-3.00236451347e-05,0.0
0.52,0.42,-0.02,0.1,0.0,0.000222507206572,-4.45014413144e-05,0.0
0.53,0.42,-0.03,0.1,0.0,0.000135016546127,-4.0504963838e-05,0.0
0.54,0.42,-0.04,0.1,0.0,6.70700260933e-05,-2.68280104373e-05,0.0
0.55,0.42,-0.05,0.1,0.0,2.72740654159e-05,-1.36370327079e-05,0.0
0.56,0.42,-0.06,0.1,0.0,9.07957374049e-06,-5.44774424429e-06,0.0
0.57,0.42,-0.07,0.1,0.0,2.47455423489e-06,-1.73218796442e-06,0.0
0.58,0.42,-0.08,0.1,0.0,5.52152990039e-07,-4.41722392031e-07,0.0
0.59,0.42,-0.09,0.1,0.0,1.0086948164e-07,-9.07825334763e-08,0.0
0.6,0.42,-0.1,0.1,0.0,1.50869155616e-08,-1.50869155616e-08,0.0
0.61,0.42,-0.11,0.1,0.0,1.84748991533e-09,-2.03223890686e-09,0.0
0.62,0.42,-0.12,0.1,0.0,1.8522720424e-10,-2.22272645088e-10,0.0
0.63,0.42,-0.13,0.1,0.0,1.52043748181e-11,-1.97656872635e-11,0.0
0.64,0.42,-0.14,0.1,0.0,1.02181780561e-12,-1.43054492785e-12,0.0
0.65,0.42,-0.15,0.1,0.0,5.62237059758e-14,-8.43355589636e-14,0.0
0.35,0.43,0.15,0.1,0.0,2.51977168565e-13,3.77965752848e-13,0.0
0.36,0.43,0.14,0.1,0.0,4.57946969119e-12,6.41125756766e-12,0.0
0.37,0.43,0.13,0.1,0.0,6.81412804254e-11,8.8583664553e-11,0.0
0.38,0.43,0.12,0.1,0.0,8.30130734094e-10,9.96156880913e-10,0.0
0.39,0.43,0.11,0.1,0.0,8.27987509479e-09,9.10786260427e-09,0.0
0.4,0.43,0.1,0.1,0.0,6.76148468193e-08,6.76148468193e-08,0.0
0.41,0.43,0.09,0.1,0.0,4.52064859581e-07,4.06858373623e-07,0.0
0.42,0.43,0.08,0.1,0.0,2.47455423489e-06,1.97964338791e-06,0.0
0.43,0.43,0.07,0.1,0.0,1.10897049446e-05,7.76279346119e-06,0.0
0.44,0.43,0.06,0.1,0.0,4.0685395611e-05,2.44112373666e-05,0.0
0.45,0.43,0.05,0.1,0.0,0.000122175871887,6.10879359434e-05,0.0
0.46,0.43,0.04,0.1,0.0,0.000300236451347,0.000120094580539,0.0
0.47,0.43,0.03,0.1,0.0,0.000603683264942,0.000181104979483,0.0
0.48,0.43,0.02,0.1,0.0,0.000993360330011,0.000198672066002,0.0
0.49,0.43,0.01,0.1,0.0,0.00133857018486,0.000133857018486,0.0
0.5,0.43,-1.11022302463e-16,0.1,0.0,0.00147830826886,-1.64125187758e-18,0.0
0.51,0.43,-0.01,0.1,0.0,0.00133857018486,-0.000133857018486,0.0
0.52,0.43,-0.02,0.1,0.0,0.000993360330011,-0.000198672066002,0.0
0.53,0.43,-0.03,0.1,0.0,0.000603683264942,-0.000181104979483,0.0
0.54,0.43,-0.04,0.1,0.0,0.000300236451347,-0.000120094580539,0.0
0.55,0.43,-0.05,0.1,0.0,0.000122175871887,-6.10879359434e-05,0.0
0.56,0.43,-0.06,0.1,0.0,4.0685395611e-05,-2.44112373666e-05,0.0
0.57,0.43,-0.07,0.1,0.0,1.10897049446e-05,-7.76279346119e-06,0.0
0.58,0.43,-0.08,0.1,0.0,2.47455423489e-06,-1.97964338791e-06,0.0
0.59,0.43,-0.09,0.1,0.0,4.52064859581e-07,-4.06858373623e-07,0.0
0.6,0.43,-0.1,0.1,0.0,6.76148468192e-08,-6.76148468192e-08,0.0
0.61,0.43,-0.11,0.1,0.0,8.27987509479e-09,-9.10786260427e-09,0.0
0.62,0.43,-0.12,0.1,0.0,8.30130734094e-10,-9.96156880913e-10,0.0
0.63,0.43,-0.13,0.1,0.0,6.81412804254e-11,-8.8583664553e-11,0.0
0.64,0.43,-0.14,0.1,0.0,4.57946969119e-12,-6.41125756766e-12,0.0
0.65,0.43,-0.15,0.1,0.0,2.51977168565e-13,-3.77965752848e-13,0.0
0.35,0.44,0.15,0.1,0.0,9.24578984929e-13,1.38686847739e-12,0.0
0.36,0.44,0.14,0.1,0.0,1.68034328763e-11,2.35248060268e-11,0.0
0.37,0.44,0.13,0.1,0.0,2.50030572965e-10,3.25039744854e-10,0.0
0.38,0.44,0.12,0.1,0.0,3.04599590255e-09,3.65519508306e-09,0.0
0.39,0.44,0.11,0.1,0.0,3.03813147363e-08,3.34194462099e-08,0.0
0.4,0.44,0.1,0.1,0.0,2.48098708226e-07,2.48098708226e-07,0.0
0.41,0.44,0.09,0.1,0.0,1.65875007478e-06,1.4928750673e-06,0.0
0.42,0.44,0.08,0.1,0.0,9.07957374049e-06,7.26365899239e-06,0.0
0.43,0.44,0.07,0.1,0.0,4.0685395611e-05,2.84797769277e-05,0.0
0.44,0.44,0.06,0.1,0.0,0.000149205766767,8.95234600604e-05,0.0
0.45,0.44,0.05,0.1,0.0,0.000447569704255,0.000223784852128,0.0
0.46,0.44,0.04,0.1,0.0,0.00109725977989,0.000438903911956,0.0
0.47,0.44,0.03,0.1,0.0,0.00219738852612,0.000659216557836,0.0
0.48,0.44,0.02,0.1,0.0,0.00359724199242,0.000719448398484,0.0
0.49,0.44,0.01,0.1,0.0,0.00482540428353,0.000482540428353,0.0
0.5,0.44,-1.11022302463e-16,0.1,0.0,0.00531939871537,-5.90571893097e-18,0.0
0.51,0.44,-0.01,0.1,0.0,0.00482540428353,-0.000482540428353,0.0
0.52,0.44,-0.02,0.1,0.0,0.00359724199242,-0.000719448398484,0.0
0.53,0.44,-0.03,0.1,0.0,0.00219738852612,-0.000659216557836,0.0
0.54,0.44,-0.04,0.1,0.0,0.00109725977989,-0.000438903911956,0.0
0.55,0.44,-0.05,0.1,0.0,0.000447569704255,-0.000223784852128,0.0
0.56,0.44,-0.06,0.1,0.0,0.000149205766767,-8.95234600604e-05,0.0
0.57,0.44,-0.07,0.1,0.0,4.0685395611e-05,-2.84797769277e-05,0.0
0.58,0.44,-0.08,0.1,0.0,9.07957374049e-06,-7.26365899239e-06,0.0
0.59,0.44,-0.09,0.1,0.0,1.65875007478e-06,-1.4928750673e-06,0.0
0.6,0.44,-0.1,0.1,0.0,2.48098708226e-07,-2.48098708226e-07,0.0
0.61,0.44,-0.11,0.1,0.0,3.03813147363e-08,-3.34194462099e-08,0.0
0.62,0.44,-0.12,0.1,0.0,3.04599590255e-09,-3.65519508306e-09,0.0
0.63,0.44,-0.13,0.1,0.0,2.50030572965e-10,-3.25039744854e-10,0.0
0.64,0.44,-0.14,0.1,0.0,1.68034328763e-11,-2.35248060268e-11,0.0
0.65,0.44,-0.15,0.1,0.0,9.24578984929e-13,-1.38686847739e-12,0.0
0.35,0.45,0.15,0.1,0.0,2.77758877295e-12,4.16638315943e-12,0.0
0.36,0.45,0.14,0.1,0.0,5.04803021242e-11,7.06724229738e-11,0.0
0.37,0.45,0.13,0.1,0.0,7.51133350367e-10,9.76473355477e-10,0.0
0.38,0.45,0.12,0.1,0.0,9.15067712022e-09,1.09808125443e-08,0.0
0.39,0.45,0.11,0.1,0.0,9.12704857066e-08,1.00397534277e-07,0.0
0.4,0.45,0.1,0.1,0.0,7.45327856837e-07,7.45327856837e-07,0.0
0.41,0.45,0.09,0.1,0.0,4.98307778789e-06,4.4847700091e-06,0.0
0.42,0.45,0.08,0.1,0.0,2.72740654159e-05,2.18192523327e-05,0.0
0.43,0.45,0.07,0.1,0.0,0.000122175871887,8.55231103208e-05,0.0
0.44,0.45,0.06,0.1,0.0,0.000447569704255,0.000268541822553,0.0
0.45,0.45,0.05,0.1,0.0,0.00133857018486,0.000669285092428,0.0
0.46,0.45,0.04,0.1,0.0,0.00326049987429,0.00130419994972,0.0
0.47,0.45,0.03,0.1,0.0,0.00645909293969,0.00193772788191,0.0
0.48,0.45,0.02,0.1,0.0,0.0104307126157,0.00208614252314,0.0
0.49,0.45,0.01,0.1,0.0,0.0138276840687,0.00138276840687,0.0
0.5,0.45,-1.11022302463e-16,0.1,0.0,0.0151716360042,-1.68438996131e-17,0.0
0.51,0.45,-0.01,0.1,0.0,0.0138276840687,-0.00138276840687,0.0
0.52,0.45,-0.02,0.1,0.0,0.0104307126157,-0.00208614252314,0.0
0.53,0.45,-0.03,0.1,0.0,0.00645909293969,-0.00193772788191,0.0
0.54,0.45,-0.04,0.1,0.0,0.00326049987429,-0.00130419994972,0.0
0.55,0.45,-0.05,0.1,0.0,0.00133857018486,-0.000669285092428,0.0
0.56,0.45,-0.06,0.1,0.0,0.000447569704255,-0.000268541822553,0.0
0.57,0.45,-0.07,0.1,0.0,0.000122175871887,-8.55231103208e-05,0.0
0.58,0.45,-0.08,0.1,0.0,2.72740654159e-05,-2.18192523327e-05,0.0
0.59,0.45,-0.09,0.1,0.0,4.98307778789e-06,-4.4847700091e-06,0.0
0.6,0.45,-0.1,0.1,0.0,7.45327856837e-07,-7.45327856837e-07,0.0
0.61,0.45,-0.11,0.1,0.0,9.12704857065e-08,-1.00397534277e-07,0.0
0.62,0.45,-0.12,0.1,0.0,9.15067712022e-09,-1.09808125443e-08,0.0
0.63,0.45,-0.13,0.1,0.0,7.51133350367e-10,-9.76473355477e-10,0.0
0.64,0.45,-0.14,0.1,0.0,5.04803021242e-11,-7.06724229738e-11,0.0
0.65,0.45,-0.15,0.1,0.0,2.77758877295e-12,-4.16638315943e-12,0.0
0.35,0.46,0.15,0.1,0.0,6.83176598733e-12,1.0247648981e-11,0.0
0.36,0.46,0.14,0.1,0.0,1.24161508111e-10,1.73826111355e-10,0.0
0.37,0.46,0.13,0.1,0.0,1.84748991533e-09,2.40173688993e-09,0.0
0.38,0.46,0.12,0.1,0.0,2.2507032411e-08,2.70084388932e-08,0.0
0.39,0.46,0.11,0.1,0.0,2.2448902107e-07,2.46937923177e-07,0.0
0.4,0.46,0.1,0.1,0.0,1.83320074397e-06,1.83320074397e-06,0.0
0.41,0.46,0.09,0.1,0.0,1.22559479233e-05,1.1030353131e-05,0.0
0.42,0.46,0.08,0.1,0.0,6.70700260933e-05,5.36560208746e-05,0.0
0.43,0.46,0.07,0.1,0.0,0.000300236451347,0.000210165515943,0.0
0.44,0.46,0.06,0.1,0.0,0.00109725977989,0.000658355867934,0.0
0.45,0.46,0.05,0.1,0.0,0.00326049987429,0.00163024993714,0.0
0.46,0.46,0.04,0.1,0.0,0.00783314455935,0.00313325782374,0.0
0.47,0.46,0.03,0.1,0.0,0.0151716360042,0.00455149080127,0.0
0.48,0.46,0.02,0.1,0.0,0.0238405844044,0.00476811688088,0.0
0.49,0.46,0.01,0.1,0.0,0.0308930530167,0.00308930530167,0.0
0.5,0.46,-1.11022302463e-16,0.1,0.0,0.0335963229732,-3.72994113076e-17,0.0
0.51,0.46,-0.01,0.1,0.0,0.0308930530167,-0.00308930530167,0.0
0.52,0.46,-0.02,0.1,0.0,0.0238405844044,-0.00476811688088,0.0
0.53,0.46,-0.03,0.1,0.0,0.0151716360042,-0.00455149080127,0.0
0.54,0.46,-0.04,0.1,0.0,0.00783314455935,-0.00313325782374,0.0
0.55,0.46,-0.05,0.1,0.0,0.00326049987429,-0.00163024993714,0.0
0.56,0.46,-0.06,0.1,0.0,0.00109725977989,-0.000658355867934,0.0
0.57,0.46,-0.07,0.1,0.0,0.000300236451347,-0.000210165515943,0.0
0.58,0.46,-0.08,0.1,0.0,6.70700260933e-05,-5.36560208746e-05,0.0
0.59,0.46,-0.09,0.1,0.0,1.22559479233e-05,-1.1030353131e-05,0.0
0.6,0.46,-0.1,0.1,0.0,1.83320074397e-06,-1.83320074397e-06,0.0
0.61,0.46,-0.11,0.1,0.0,2.2448902107e-07,-2.46937923177e-07,0.0
0.62,0.46,-0.12,0.1,0.0,2.2507032411e-08,-2.70084388932e-08,0.0
0.63,0.46,-0.13,0.1,0.0,1.84748991533e-09,-2.40173688993e-09,0.0
0.64,0.46,-0.14,0.1,0.0,1.24161508111e-10,-1.73826111355e-10,0.0
0.65,0.46,-0.15,0.1,0.0,6.83176598733e-12,-1.0247648981e-11,0.0
0.35,0.47,0.15,0.1,0.0,1.37574872533e-11,2.063623088e-11,0.0
0.36,0.47,0.14,0.1,0.0,2.50030572965e-10,3.50042802151e-10,0.0
0.37,0.47,0.13,0.1,0.0,3.72038778418e-09,4.83650411943e-09,0.0
0.38,0.47,0.12,0.1,0.0,4.53235922842e-08,5.4388310741e-08,0.0
0.39,0.47,0.11,0.1,0.0,4.52064859581e-07,4.97271345539e-07,0.0
0.4,0.47,0.1,0.1,0.0,3.69157865913e-06,3.69157865913e-06,0.0
0.41,0.47,0.09,0.1,0.0,2.46789151972e-05,2.22110236775e-05,0.0
0.42,0.47,0.08,0.1,0.0,0.000135016546127,0.000108013236901,0.0
0.43,0.47,0.07,0.1,0.0,0.000603683264942,0.000422578285459,0.0
0.44,0.47,0.06,0.1,0.0,0.00219738852612,0.00131843311567,0.0
0.45,0.47,0.05,0.1,0.0,0.00645909293969,0.00322954646985,0.0
0.46,0.47,0.04,0.1,0.0,0.0151716360042,0.0060686544017,0.0
0.47,0.47,0.03,0.1,0.0,0.0283702129801,0.00851106389403,0.0
0.48,0.47,0.02,0.1,0.0,0.0428330033915,0.0085666006783,0.0
0.49,0.47,0.01,0.1,0.0,0.053788284274,0.0053788284274,0.0
0.5,0.47,-1.11022302463e-16,0.1,0.0,0.057810099475,-6.4182103493e-17,0.0
0.51,0.47,-0.01,0.1,0.0,0.053788284274,-0.0053788284274,0.0
0.52,0.47,-0.02,0.1,0.0,0.0428330033915,-0.0085666006783,0.0
0.53,0.47,-0.03,0.1,0.0,0.0283702129801,-0.00851106389403,0.0
0.54,0.47,-0.04,0.1,0.0,0.0151716360042,-0.0060686544017,0.0
0.55,0.47,-0.05,0.1,0.0,0.00645909293969,-0.00322954646985,0.0
0.56,0.47,-0.06,0.1,0.0,0.00219738852612,-0.00131843311567,0.0
0.57,0.47,-0.07,0.1,0.0,0.000603683264942,-0.000422578285459,0.0
0.58,0.47,-0.08,0.1,0.0,0.000135016546127,-0.000108013236901,0.0
0.59,0.47,-0.09,0.1,0.0,2.46789151972e-05,-2.22110236775e-05,0.0
0.6,0.47,-0.1,0.1,0.0,3.69157865913e-06,-3.69157865913e-06,0.0
0.61,0.47,-0.11,0.1,0.0,4.52064859581e-07,-4.97271345539e-07,0.0
0.62,0.47,-0.12,0.1,0.0,4.53235922842e-08,-5.4388310741e-08,0.0
0.63,0.47,-0.13,0.1,0.0,3.72038778418e-09,-4.83650411943e-09,0.0
0.64,0.47,-0.14,0.1,0.0,2.50030572965e-10,-3.50042802151e-10,0.0
0.65,0.47,-0.15,0.1,0.0,1.37574872533e-11,-2.063623088e-11,0.0
0.35,0.48,0.15,0.1,0.0,2.26822618649e-11,3.40233927974e-11,0.0
0.36,0.48,0.14,0.1,0.0,4.12230723638e-10,5.77123013093e-10,0.0
0.37,0.48,0.13,0.1,0.0,6.133882401e-09,7.97404712131e-09,0.0
0.38,0.48,0.12,0.1,0.0,7.47259596779e-08,8.96711516134e-08,0.0
0.39,0.48,0.11,0.1,0.0,7.45327856837e-07,8.19860642521e-07,0.0
0.4,0.48,0.1,0.1,0.0,6.08631138011e-06,6.08631138011e-06,0.0
0.41,0.48,0.09,0.1,0.0,4.0685395611e-05,3.66168560499e-05,0.0
0.42,0.48,0.08,0.1,0.0,0.000222507206572,0.000178005765258,0.0
0.43,0.48,0.07,0.1,0.0,0.000993360330011,0.000695352231008,0.0
0.44,0.48,0.06,0.1,0.0,0.00359724199242,0.00215834519545,0.0
0.45,0.48,0.05,0.1,0.0,0.0104307126157,0.00521535630784,0.0
0.46,0.48,0.04,0.1,0.0,0.0238405844044,0.00953623376177,0.0
0.47,0.48,0.03,0.1,0.0,0.0428330033915,0.0128499010174,0.0
0.48,0.48,0.02,0.1,0.0,0.0620051037745,0.0124010207549,0.0
0.49,0.48,0.01,0.1,0.0,0.0755081337596,0.00755081337596,0.0
0.5,0.48,-1.11022302463e-16,0.1,0.0,0.0802624679775,-8.91092399619e-17,0.0
0.51,0.48,-0.01,0.1,0.0,0.0755081337596,-0.00755081337596,0.0
0.52,0.48,-0.02,0.1,0.0,0.0620051037745,-0.0124010207549,0.0
0.53,0.48,-0.03,0.1,0.0,0.0428330033915,-0.0128499010174,0.0
0.54,0.48,-0.04,0.1,0.0,0.0238405844044,-0.00953623376177,0.0
0.55,0.48,-0.05,0.1,0.0,0.0104307126157,-0.00521535630784,0.0
0.56,0.48,-0.06,0.1,0.0,0.00359724199242,-0.00215834519545,0.0
0.57,0.48,-0.07,0.1,0.0,0.000993360330011,-0.000695352231008,0.0
0.58,0.48,-0.08,0.1,0.0,0.000222507206572,-0.000178005765258,0.0
0.59,0.48,-0.09,0.1,0.0,4.0685395611e-05,-3.66168560499e-05,0.0
0.6,0.48,-0.1,0.1,0.0,6.08631138011e-06,-6.08631138011e-06,0.0
0.61,0.48,-0.11,0.1,0.0,7.45327856837e-07,-8.19860642521e-07,0.0
0.62,0.48,-0.12,0.1,0.0,7.47259596778e-08,-8.96711516134e-08,0.0
0.63,0.48,-0.13,0.1,0.0,6.133882401e-09,-7.97404712131e-09,0.0
0.64,0.48,-0.14,0.1,0.0,4.12230723638e-10,-5.77123013093e-10,0.0
0.65,0.48,-0.15,0.1,0.0,2.26822618649e-11,-3.40233927974e-11,0.0
0.35,0.49,0.15,0.1,0.0,3.06178509529e-11,4.59267764294e-11,0.0
0.36,0.49,0.14,0.1,0.0,5.56453272655e-10,7.79034581717e-10,0.0
0.37,0.49,0.13,0.1,0.0,8.27987509479e-09,1.07638376232e-08,0.0
0.38,0.49,0.12,0.1,0.0,1.0086948164e-07,1.21043377968e-07,0.0
0.39,0.49,0.11,0.1,0.0,1.00608606035e-06,1.10669466639e-06,0.0
0.4,0.49,0.1,0.1,0.0,8.21557355295e-06,8.21557355295e-06,0.0
0.41,0.49,0.09,0.1,0.0,5.49156312203e-05,4.94240680982e-05,0.0
0.42,0.49,0.08,0.1,0.0,0.000300236451347,0.000240189161078,0.0
0.43,0.49,0.07,0.1,0.0,0.00133857018486,0.0009369991294,0.0
0.44,0.49,0.06,0.1,0.0,0.00482540428353,0.00289524257012,0.0
0.45,0.49,0.05,0.1,0.0,0.0138276840687,0.00691384203433,0.0
0.46,0.49,0.04,0.1,0.0,0.0308930530167,0.0123572212067,0.0
0.47,0.49,0.03,0.1,0.0,0.053788284274,0.0161364852822,0.0
0.48,0.49,0.02,0.1,0.0,0.0755081337596,0.0151016267519,0.0
0.49,0.49,0.01,0.1,0.0,0.0900332005375,0.00900332005375,0.0
0.5,0.49,-1.11022302463e-16,0.1,0.0,0.0950041625042,-1.05475808647e-16,0.0
0.51,0.49,-0.01,0.1,0.0,0.0900332005375,-0.00900332005375,0.0
0.52,0.49,-0.02,0.1,0.0,0.0755081337596,-0.0151016267519,0.0
0.53,0.49,-0.03,0.1,0.0,0.053788284274,-0.0161364852822,0.0
0.54,0.49,-0.04,0.1,0.0,0.0308930530167,-0.0123572212067,0.0
0.55,0.49,-0.05,0.1,0.0,0.0138276840687,-0.00691384203433,0.0
0.56,0.49,-0.06,0.1,0.0,0.00482540428353,-0.00289524257012,0.0
0.57,0.49,-0.07,0.1,0.0,0.00133857018486,-0.0009369991294,0.0
0.58,0.49,-0.08,0.1,0.0,0.000300236451347,-0.000240189161078,0.0
0.59,0.49,-0.09,0.1,0.0,5.49156312203e-05,-4.94240680982e-05,0.0
0.6,0.49,-0.1,0.1,0.0,8.21557355295e-06,-8.21557355295e-06,0.0
0.61,0.49,-0.11,0.1,0.0,1.00608606035e-06,-1.10669466639e-06,0.0
0.62,0.49,-0.12,0.1,0.0,1.0086948164e-07,-1.21043377968e-07,0.0
0.63,0.49,-0.13,0.1,0.0,8.27987509479e-09,-1.07638376232e-08,0.0
0.64,0.49,-0.14,0.1,0.0,5.56453272655e-10,-7.79034581717e-10,0.0
0.65,0.49,-0.15,0.1,0.0,3.06178509529e-11,-4.59267764294e-11,0.0
0.35,0.5,0.15,0.1,0.0,3.38379584466e-11,5.07569376699e-11,0.0
0.36,0.5,0.14,0.1,0.0,6.14975974026e-10,8.60966363637e-10,0.0
0.37,0.5,0.13,0.1,0.0,9.15067712022e-09,1.18958802563e-08,0.0
0.38,0.5,0.12,0.1,0.0,1.11478011717e-07,1.33773614061e-07,0.0
0.39,0.5,0.11,0.1,0.0,1.11189646673e-06,1.2230861134e-06,0.0
0.4,0.5,0.1,0.1,0.0,9.07957374049e-06,9.07957374049e-06,0.0
0.41,0.5,0.09,0.1,0.0,6.06894060058e-05,5.46204654052e-05,0.0
0.42,0.5,0.08,0.1,0.0,0.000331760216035,0.000265408172828,0.0
0.43,0.5,0.07,0.1,0.0,0.00147830826886,0.0010348157882,0.0
0.44,0.5,0.06,0.1,0.0,0.00531939871537,0.00319163922922,0.0
0.45,0.5,0.05,0.1,0.0,0.0151716360042,0.00758581800212,0.0
0.46,0.5,0.04,0.1,0.0,0.0335963229732,0.0134385291893,0.0
0.47,0.5,0.03,0.1,0.0,0.057810099475,0.0173430298425,0.0
0.48,0.5,0.02,0.1,0.0,0.0802624679775,0.0160524935955,0.0
0.49,0.5,0.01,0.1,0.0,0.0950041625042,0.00950041625042,0.0
0.5,0.5,-1.11022302463e-16,0.1,0.0,0.1,-1.11022302463e-16,0.0
0.51,0.5,-0.01,0.1,0.0,0.0950041625042,-0.00950041625042,0.0
0.52,0.5,-0.02,0.1,0.0,0.0802624679775,-0.0160524935955,0.0
0.53,0.5,-0.03,0.1,0.0,0.057810099475,-0.0173430298425,0.0
0.54,0.5,-0.04,0.1,0.0,0.0335963229732,-0.0134385291893,0.0
0.55,0.5,-0.05,0.1,0.0,0.0151716360042,-0.00758581800212,0.0
0.56,0.5,-0.06,0.1,0.0,0.00531939871537,-0.00319163922922,0.0
0.57,0.5,-0.07,0.1,0.0,0.00147830826886,-0.0010348157882,0.0
0.58,0.5,-0.08,0.1,0.0,0.000331760216035,-0.000265408172828,0.0
0.59,0.5,-0.09,0.1,0.0,6.06894060058e-05,-5.46204654052e-05,0.0
0.6,0.5,-0.1,0.1,0.0,9.07957374049e-06,-9.07957374049e-06,0.0
0.61,0.5,-0.11,0.1,0.0,1.11189646673e-06,-1.2230861134e-06,0.0
0.62,0.5,-0.12,0.1,0.0,1.11478011717e-07,-1.33773614061e-07,0.0
0.63,0.5,-0.13,0.1,0.0,9.15067712022e-09,-1.18958802563e-08,0.0
0.64,0.5,-0.14,0.1,0.0,6.14975974026e-10,-8.60966363637e-10,0.0
0.65,0.5,-0.15,0.1,0.0,3.38379584466e-11,-5.07569376699e-11,0.0
0.35,0.51,0.15,0.1,0.0,3.06178509529e-11,4.59267764294e-11,0.0
0.36,0.51,0.14,0.1,0.0,5.56453272655e-10,7.79034581717e-10,0.0
0.37,0.51,0.13,0.1,0.0,8.27987509479e-09,1.07638376232e-08,0.0
0.38,0.51,0.12,0.1,0.0,1.0086948164e-07,1.21043377968e-07,0.0
0.39,0.51,0.11,0.1,0.0,1.00608606035e-06,1.10669466639e-06,0.0
0.4,0.51,0.1,0.1,0.0,8.21557355295e-06,8.21557355295e-06,0.0
0.41,0.51,0.09,0.1,0.0,5.49156312203e-05,4.94240680982e-05,0.0
0.42,0.51,0.08,0.1,0.0,0.000300236451347,0.000240189161078,0.0
0.43,0.51,0.07,0.1,0.0,0.00133857018486,0.0009369991294,0.0
0.44,0.51,0.06,0.1,0.0,0.00482540428353,0.00289524257012,0.0
0.45,0.51,0.05,0.1,0.0,0.0138276840687,0.00691384203433,0.0
0.46,0.51,0.04,0.1,0.0,0.0308930530167,0.0123572212067,0.0
0.47,0.51,0.03,0.1,0.0,0.053788284274,0.0161364852822,0.0
0.48,0.51,0.02,0.1,0.0,0.0755081337596,0.0151016267519,0.0
0.49,0.51,0.01,0.1,0.0,0.0900332005375,0.00900332005375,0.0
0.5,0.51,-1.11022302463e-16,0.1,0.0,0.0950041625042,-1.05475808647e-16,0.0
0.51,0.51,-0.01,0.1,0.0,0.0900332005375,-0.00900332005375,0.0
0.52,0.51,-0.02,0.1,0.0,0.0755081337596,-0.0151016267519,0.0
0.53,0.51,-0.03,0.1,0.0,0.053788284274,-0.0161364852822,0.0
0.54,0.51,-0.04,0.1,0.0,0.0308930530167,-0.0123572212067,0.0
0.55,0.51,-0.05,0.1,0.0,0.0138276840687,-0.00691384203433,0.0
0.56,0.51,-0.06,0.1,0.0,0.00482540428353,-0.00289524257012,0.0
0.57,0.51,-0.07,0.1,0.0,0.00133857018486,-0.0009369991294,0.0
0.58,0.51,-0.08,0.1,0.0,0.000300236451347,-0.000240189161078,0.0
0.59,0.51,-0.09,0.1,0.0,5.49156312203e-05,-4.94240680982e-05,0.0
0.6,0.51,-0.1,0.1,0.0,8.21557355295e-06,-8.21557355295e-06,0.0
0.61,0.51,-0.11,0.1,0.0,1.00608606035e-06,-1.10669466639e-06,0.0
0.62,0.51,-0.12,0.1,0.0,1.0086948164e-07,-1.21043377968e-07,0.0
0.63,0.51,-0.13,0.1,0.0,8.27987509479e-09,-1.07638376232e-08,0.0
0.64,0.51,-0.14,0.1,0.0,5.56453272655e-10,-7.79034581717e-10,0.0
0.65,0.51,-0.15,0.1,0.0,3.06178509529e-11,-4.59267764293e-11,0.0
0.35,0.52,0.15,0.1,0.0,2.26822618649e-11,3.40233927974e-11,0.0
0.36,0.52,0.14,0.1,0.0,4.12230723638e-10,5.77123013093e-10,0.0
0.37,0.52,0.13,0.1,0.0,6.133882401e-09,7.97404712131e-09,0.0
0.38,0.52,0.12,0.1,0.0,7.47259596778e-08,8.96711516134e-08,0.0
0.39,0.52,0.11,0.1,0.0,7.45327856837e-07,8.19860642521e-07,0.0
0.4,0.52,0.1,0.1,0.0,6.08631138011e-06,6.08631138011e-06,0.0
0.41,0.52,0.09,0.1,0.0,4.0685395611e-05,3.66168560499e-05,0.0
0.42,0.52,0.08,0.1,0.0,0.000222507206572,0.000178005765258,0.0
0.43,0.52,0.07,0.1,0.0,0.000993360330011,0.000695352231008,0.0
0.44,0.52,0.06,0.1,0.0,0.00359724199242,0.00215834519545,0.0
0.45,0.52,0.05,0.1,0.0,0.0104307126157,0.00521535630784,0.0
0.46,0.52,0.04,0.1,0.0,0.0238405844044,0.00953623376177,0.0
0.47,0.52,0.03,0.1,0.0,0.0428330033915,0.0128499010174,0.0
0.48,0.52,0.02,0.1,0.0,0.0620051037745,0.0124010207549,0.0
0.49,0.52,0.01,0.1,0.0,0.0755081337596,0.00755081337596,0.0
0.5,0.52,-1.11022302463e-16,0.1,0.0,0.0802624679775,-8.91092399619e-17,0.0
0.51,0.52,-0.01,0.1,0.0,0.0755081337596,-0.00755081337596,0.0
0.52,0.52,-0.02,0.1,0.0,0.0620051037745,-0.0124010207549,0.0
0.53,0.52,-0.03,0.1,0.0,0.0428330033915,-0.0128499010174,0.0
0.54,0.52,-0.04,0.1,0.0,0.0238405844044,-0.00953623376177,0.0
0.55,0.52,-0.05,0.1,0.0,0.0104307126157,-0.00521535630784,0.0
0.56,0.52,-0.06,0.1,0.0,0.00359724199242,-0.00215834519545,0.0
0.57,0.52,-0.07,0.1,0.0,0.000993360330011,-0.000695352231008,0.0
0.58,0.52,-0.08,0.1,0.0,0.000222507206572,-0.000178005765258,0.0
0.59,0.52,-0.09,0.1,0.0,4.0685395611e-05,-3.66168560499e-05,0.0
0.6,0.52,-0.1,0.1,0.0,6.08631138011e-06,-6.08631138011e-06,0.0
0.61,0.52,-0.11,0.1,0.0,7.45327856837e-07,-8.19860642521e-07,0.0
0.62,0.52,-0.12,0.1,0.0,7.47259596778e-08,-8.96711516134e-08,0.0
0.63,0.52,-0.13,0.1,0.0,6.133882401e-09,-7.97404712131e-09,0.0
0.64,0.52,-0.14,0.1,0.0,4.12230723638e-10,-5.77123013093e-10,0.0
0.65,0.52,-0.15,0.1,0.0,2.26822618649e-11,-3.40233927974e-11,0.0
0.35,0.53,0.15,0.1,0.0,1.37574872533e-11,2.063623088e-11,0.0
0.36,0.53,0.14,0.1,0.0,2.50030572965e-10,3.50042802151e-10,0.0
0.37,0.53,0.13,0.1,0.0,3.72038778418e-09,4.83650411943e-09,0.0
0.38,0.53,0.12,0.1,0.0,4.53235922842e-08,5.4388310741e-08,0.0
0.39,0.53,0.11,0.1,0.0,4.52064859581e-07,4.97271345539e-07,0.0
0.4,0.53,0.1,0.1,0.0,3.69157865913e-06,3.69157865913e-06,0.0
0.41,0.53,0.09,0.1,0.0,2.46789151972e-05,2.22110236775e-05,0.0
0.42,0.53,0.08,0.1,0.0,0.000135016546127,0.000108013236901,0.0
0.43,0.53,0.07,0.1,0.0,0.000603683264942,0.000422578285459,0.0
0.44,0.53,0.06,0.1,0.0,0.00219738852612,0.00131843311567,0.0
0.45,0.53,0.05,0.1,0.0,0.00645909293969,0.00322954646985,0.0
0.46,0.53,0.04,0.1,0.0,0.0151716360042,0.0060686544017,0.0
0.47,0.53,0.03,0.1,0.0,0.0283702129801,0.00851106389403,0.0
0.48,0.53,0.02,0.1,0.0,0.0428330033915,0.0085666006783,0.0
0.49,0.53,0.01,0.1,0.0,0.053788284274,0.0053788284274,0.0
0.5,0.53,-1.11022302463e-16,0.1,0.0,0.057810099475,-6.4182103493e-17,0.0
0.51,0.53,-0.01,0.1,0.0,0.053788284274,-0.0053788284274,0.0
0.52,0.53,-0.02,0.1,0.0,0.0428330033915,-0.0085666006783,0.0
0.53,0.53,-0.03,0.1,0.0,0.0283702129801,-0.00851106389403,0.0
0.54,0.53,-0.04,0.1,0.0,0.0151716360042,-0.0060686544017,0.0
0.55,0.53,-0.05,0.1,0.0,0.00645909293969,-0.00322954646984,0.0
0.56,0.53,-0.06,0.1,0.0,0.00219738852612,-0.00131843311567,0.0
0.57,0.53,-0.07,0.1,0.0,0.000603683264942,-0.000422578285459,0.0
0.58,0.53,-0.08,0.1,0.0,0.000135016546127,-0.000108013236901,0.0
0.59,0.53,-0.09,0.1,0.0,2.46789151972e-05,-2.22110236775e-05,0.0
0.6,0.53,-0.1,0.1,0.0,3.69157865913e-06,-3.69157865913e-06,0.0
0.61,0.53,-0.11,0.1,0.0,4.52064859581e-07,-4.97271345539e-07,0.0
0.62,0.53,-0.12,0.1,0.0,4.53235922842e-08,-5.4388310741e-08,0.0
0.63,0.53,-0.13,0.1,0.0,3.72038778418e-09,-4.83650411943e-09,0.0
0.64,0.53,-0.14,0.1,0.0,2.50030572965e-10,-3.50042802151e-10,0.0
0.65,0.53,-0.15,0.1,0.0,1.37574872533e-11,-2.063623088e-11,0.0
0.35,0.54,0.15,0.1,0.0,6.83176598733e-12,1.0247648981e-11,0.0
0.36,0.54,0.14,0.1,0.0,1.24161508111e-10,1.73826111355e-10,0.0
0.37,0.54,0.13,0.1,0.0,1.84748991533e-09,2.40173688993e-09,0.0
0.38,0.54,0.12,0.1,0.0,2.2507032411e-08,2.70084388932e-08,0.0
0.39,0.54,0.11,0.1,0.0,2.2448902107e-07,2.46937923177e-07,0.0
0.4,0.54,0.1,0.1,0.0,1.83320074397e-06,1.83320074397e-06,0.0
0.41,0.54,0.09,0.1,0.0,1.22559479233e-05,1.1030353131e-05,0.0
0.42,0.54,0.08,0.1,0.0,6.70700260933e-05,5.36560208746e-05,0.0
0.43,0.54,0.07,0.1,0.0,0.000300236451347,0.000210165515943,0.0
0.44,0.54,0.06,0.1,0.0,0.00109725977989,0.000658355867934,0.0
0.45,0.54,0.05,0.1,0.0,0.00326049987429,0.00163024993714,0.0
0.46,0.54,0.04,0.1,0.0,0.00783314455935,0.00313325782374,0.0
0.47,0.54,0.03,0.1,0.0,0.0151716360042,0.00455149080127,0.0
0.48,0.54,0.02,0.1,0.0,0.0238405844044,0.00476811688088,0.0
0.49,0.54,0.01,0.1,0.0,0.0308930530167,0.00308930530167,0.0
0.5,0.54,-1.11022302463e-16,0.1,0.0,0.0335963229732,-3.72994113076e-17,0.0
0.51,0.54,-0.01,0.1,0.0,0.0308930530167,-0.00308930530167,0.0
0.52,0.54,-0.02,0.1,0.0,0.0238405844044,-0.00476811688088,0.0
0.53,0.54,-0.03,0.1,0.0,0.0151716360042,-0.00455149080127,0.0
0.54,0.54,-0.04,0.1,0.0,0.00783314455935,-0.00313325782374,0.0
0.55,0.54,-0.05,0.1,0.0,0.00326049987429,-0.00163024993714,0.0
0.56,0.54,-0.06,0.1,0.0,0.00109725977989,-0.000658355867934,0.0
0.57,0.54,-0.07,0.1,0.0,0.000300236451347,-0.000210165515943,0.0
0.58,0.54,-0.08,0.1,0.0,6.70700260933e-05,-5.36560208746e-05,0.0
0.59,0.54,-0.09,0.1,0.0,1.22559479233e-05,-1.1030353131e-05,0.0
0.6,0.54,-0.1,0.1,0.0,1.83320074397e-06,-1.83320074397e-06,0.0
0.61,0.54,-0.11,0.1,0.0,2.2448902107e-07,-2.46937923177e-07,0.0
0.62,0.54,-0.12,0.1,0.0,2.2507032411e-08,-2.70084388932e-08,0.0
0.63,0.54,-0.13,0.1,0.0,1.84748991533e-09,-2.40173688993e-09,0.0
0.64,0.54,-0.14,0.1,0.0,1.24161508111e-10,-1.73826111355e-10,0.0
0.65,0.54,-0.15,0.1,0.0,6.83176598733e-12,-1.0247648981e-11,0.0
0.35,0.55,0.15,0.1,0.0,2.77758877295e-12,4.16638315943e-12,0.0
0.36,0.55,0.14,0.1,0.0,5.04803021242e-11,7.06724229738e-11,0.0
0.37,0.55,0.13,0.1,0.0,7.51133350367e-10,9.76473355477e-10,0.0
0.38,0.55,0.12,0.1,0.0,9.15067712022e-09,1.09808125443e-08,0.0
0.39,0.55,0.11,0.1,0.0,9.12704857066e-08,1.00397534277e-07,0.0
0.4,0.55,0.1,0.1,0.0,7.45327856837e-07,7.45327856837e-07,0.0
0.41,0.55,0.09,0.1,0.0,4.98307778789e-06,4.4847700091e-06,0.0
0.42,0.55,0.08,0.1,0.0,2.72740654159e-05,2.18192523327e-05,0.0
0.43,0.55,0.07,0.1,0.0,0.000122175871887,8.55231103208e-05,0.0
0.44,0.55,0.06,0.1,0.0,0.000447569704255,0.000268541822553,0.0
0.45,0.55,0.05,0.1,0.0,0.00133857018486,0.000669285092428,0.0
0.46,0.55,0.04,0.1,0.0,0.00326049987429,0.00130419994972,0.0
0.47,0.55,0.03,0.1,0.0,0.00645909293969,0.00193772788191,0.0
0.48,0.55,0.02,0.1,0.0,0.0104307126157,0.00208614252314,0.0
0.49,0.55,0.01,0.1,0.0,0.0138276840687,0.00138276840687,0.0
0.5,0.55,-1.11022302463e-16,0.1,0.0,0.0151716360042,-1.68438996131e-17,0.0
0.51,0.55,-0.01,0.1,0.0,0.0138276840687,-0.00138276840687,0.0
0.52,0.55,-0.02,0.1,0.0,0.0104307126157,-0.00208614252314,0.0
0.53,0.55,-0.03,0.1,0.0,0.00645909293969,-0.00193772788191,0.0
0.54,0.55,-0.04,0.1,0.0,0.00326049987429,-0.00130419994972,0.0
0.55,0.55,-0.05,0.1,0.0,0.00133857018486,-0.000669285092428,0.0
0.56,0.55,-0.06,0.1,0.0,0.000447569704255,-0.000268541822553,0.0
0.57,0.55,-0.07,0.1,0.0,0.000122175871887,-8.55231103208e-05,0.0
0.58,0.55,-0.08,0.1,0.0,2.72740654159e-05,-2.18192523327e-05,0.0
0.59,0.55,-0.09,0.1,0.0,4.98307778789e-06,-4.4847700091e-06,0.0
0.6,0.55,-0.1,0.1,0.0,7.45327856837e-07,-7.45327856837e-07,0.0
0.61,0.55,-0.11,0.1,0.0,9.12704857065e-08,-1.00397534277e-07,0.0
0.62,0.55,-0.12,0.1,0.0,9.15067712022e-09,-1.09808125443e-08,0.0
0.63,0.55,-0.13,0.1,0.0,7.51133350367e-10,-9.76473355477e-10,0.0
0.64,0.55,-0.14,0.1,0.0,5.04803021242e-11,-7.06724229738e-11,0.0
0.65,0.55,-0.15,0.1,0.0,2.77758877295e-12,-4.16638315943e-12,0.0
0.35,0.56,0.15,0.1,0.0,9.24578984929e-13,1.38686847739e-12,0.0
0.36,0.56,0.14,0.1,0.0,1.68034328763e-11,2.35248060268e-11,0.0
0.37,0.56,0.13,0.1,0.0,2.50030572965e-10,3.25039744854e-10,0.0
0.38,0.56,0.12,0.1,0.0,3.04599590255e-09,3.65519508306e-09,0.0
0.39,0.56,0.11,0.1,0.0,3.03813147363e-08,3.34194462099e-08,0.0
0.4,0.56,0.1,0.1,0.0,2.48098708226e-07,2.48098708226e-07,0.0
0.41,0.56,0.09,0.1,0.0,1.65875007478e-06,1.4928750673e-06,0.0
0.42,0.56,0.08,0.1,0.0,9.07957374049e-06,7.26365899239e-06,0.0
0.43,0.56,0.07,0.1,0.0,4.0685395611e-05,2.84797769277e-05,0.0
0.44,0.56,0.06,0.1,0.0,0.000149205766767,8.95234600604e-05,0.0
0.45,0.56,0.05,0.1,0.0,0.000447569704255,0.000223784852128,0.0
0.46,0.56,0.04,0.1,0.0,0.00109725977989,0.000438903911956,0.0
0.47,0.56,0.03,0.1,0.0,0.00219738852612,0.000659216557836,0.0
0.48,0.56,0.02,0.1,0.0,0.00359724199242,0.000719448398484,0.0
0.49,0.56,0.01,0.1,0.0,0.00482540428353,0.000482540428353,0.0
0.5,0.56,-1.11022302463e-16,0.1,0.0,0.00531939871537,-5.90571893097e-18,0.0
0.51,0.56,-0.01,0.1,0.0,0.00482540428353,-0.000482540428353,0.0
0.52,0.56,-0.02,0.1,0.0,0.00359724199242,-0.000719448398484,0.0
0.53,0.56,-0.03,0.1,0.0,0.00219738852612,-0.000659216557836,0.0
0.54,0.56,-0.04,0.1,0.0,0.00109725977989,-0.000438903911956,0.0
0.55,0.56,-0.05,0.1,0.0,0.000447569704255,-0.000223784852128,0.0
0.56,0.56,-0.06,0.1,0.0,0.000149205766767,-8.95234600604e-05,0.0
0.57,0.56,-0.07,0.1,0.0,4.0685395611e-05,-2.84797769277e-05,0.0
0.58,0.56,-0.08,0.1,0.0,9.07957374049e-06,-7.26365899239e-06,0.0
0.59,0.56,-0.09,0.1,0.0,1.65875007478e-06,-1.4928750673e-06,0.0
0.6,0.56,-0.1,0.1,0.0,2.48098708226e-07,-2.48098708226e-07,0.0
0.61,0.56,-0.11,0.1,0.0,3.03813147363e-08,-3.34194462099e-08,0.0
0.62,0.56,-0.12,0.1,0.0,3.04599590255e-09,-3.65519508306e-09,0.0
0.63,0.56,-0.13,0.1,0.0,2.50030572965e-10,-3.25039744854e-10,0.0
0.64,0.56,-0.14,0.1,0.0,1.68034328763e-11,-2.35248060268e-11,0.0
0.65,0.56,-0.15,0.1,0.0,9.24578984929e-13,-1.38686847739e-12,0.0
0.35,0.57,0.15,0.1,0.0,2.51977168565e-13,3.77965752848e-13,0.0
0.36,0.57,0.14,0.1,0.0,4.57946969119e-12,6.41125756766e-12,0.0
0.37,0.57,0.13,0.1,0.0,6.81412804254e-11,8.8583664553e-11,0.0
0.38,0.57,0.12,0.1,0.0,8.30130734094e-10,9.96156880913e-10,0.0
0.39,0.57,0.11,0.1,0.0,8.27987509479e-09,9.10786260427e-09,0.0
0.4,0.57,0.1,0.1,0.0,6.76148468192e-08,6.76148468192e-08,0.0
0.41,0.57,0.09,0.1,0.0,4.52064859581e-07,4.06858373623e-07,0.0
0.42,0.57,0.08,0.1,0.0,2.47455423489e-06,1.97964338791e-06,0.0
0.43,0.57,0.07,0.1,0.0,1.10897049446e-05,7.76279346119e-06,0.0
0.44,0.57,0.06,0.1,0.0,4.0685395611e-05,2.44112373666e-05,0.0
0.45,0.57,0.05,0.1,0.0,0.000122175871887,6.10879359434e-05,0.0
0.46,0.57,0.04,0.1,0.0,0.000300236451347,0.000120094580539,0.0
0.47,0.57,0.03,0.1,0.0,0.000603683264942,0.000181104979483,0.0
0.48,0.57,0.02,0.1,0.0,0.000993360330011,0.000198672066002,0.0
0.49,0.57,0.01,0.1,0.0,0.00133857018486,0.000133857018486,0.0
0.5,0.57,-1.11022302463e-16,0.1,0.0,0.00147830826886,-1.64125187758e-18,0.0
0.51,0.57,-0.01,0.1,0.0,0.00133857018486,-0.000133857018486,0.0
0.52,0.57,-0.02,0.1,0.0,0.000993360330011,-0.000198672066002,0.0
0.53,0.57,-0.03,0.1,0.0,0.000603683264942,-0.000181104979483,0.0
0.54,0.57,-0.04,0.1,0.0,0.000300236451347,-0.000120094580539,0.0
0.55,0.57,-0.05,0.1,0.0,0.000122175871887,-6.10879359434e-05,0.0
0.56,0.57,-0.06,0.1,0.0,4.0685395611e-05,-2.44112373666e-05,0.0
0.57,0.57,-0.07,0.1,0.0,1.10897049446e-05,-7.76279346119e-06,0.0
0.58,0.57,-0.08,0.1,0.0,2.47455423489e-06,-1.97964338791e-06,0.0
0.59,0.57,-0.09,0.1,0.0,4.52064859581e-07,-4.06858373623e-07,0.0
0.6,0.57,-0.1,0.1,0.0,6.76148468192e-08,-6.76148468192e-08,0.0
0.61,0.57,-0.11,0.1,0.0,8.27987509479e-09,-9.10786260427e-09,0.0
0.62,0.57,-0.12,0.1,0.0,8.30130734094e-10,-9.96156880913e-10,0.0
0.63,0.57,-0.13,0.1,0.0,6.81412804254e-11,-8.8583664553e-11,0.0
0.64,0.57,-0.14,0.1,0.0,4.57946969119e-12,-6.41125756766e-12,0.0
0.65,0.57,-0.15,0.1,0.0,2.51977168565e-13,-3.77965752848e-13,0.0
0.35,0.58,0.15,0.1,0.0,5.62237059758e-14,8.43355589636e-14,0.0
0.36,0.58,0.14,0.1,0.0,1.02181780561e-12,1.43054492785e-12,0.0
0.37,0.58,0.13,0.1,0.0,1.52043748181e-11,1.97656872635e-11,0.0
0.38,0.58,0.12,0.1,0.0,1.8522720424e-10,2.22272645088e-10,0.0
0.39,0.58,0.11,0.1,0.0,1.84748991533e-09,2.03223890686e-09,0.0
0.4,0.58,0.1,0.1,0.0,1.50869155616e-08,1.50869155616e-08,0.0
0.41,0.58,0.09,0.1,0.0,1.0086948164e-07,9.07825334763e-08,0.0
0.42,0.58,0.08,0.1,0.0,5.52152990039e-07,4.41722392031e-07,0.0
0.43,0.58,0.07,0.1,0.0,2.47455423489e-06,1.73218796442e-06,0.0
0.44,0.58,0.06,0.1,0.0,9.07957374049e-06,5.44774424429e-06,0.0
0.45,0.58,0.05,0.1,0.0,2.72740654159e-05,1.36370327079e-05,0.0
0.46,0.58,0.04,0.1,0.0,6.70700260933e-05,2.68280104373e-05,0.0
0.47,0.58,0.03,0.1,0.0,0.000135016546127,4.0504963838e-05,0.0
0.48,0.58,0.02,0.1,0.0,0.000222507206572,4.45014413144e-05,0.0
0.49,0.58,0.01,0.1,0.0,0.000300236451347,3.00236451347e-05,0.0
0.5,0.58,-1.11022302463e-16,0.1,0.0,0.000331760216035,-3.68327830497e-19,0.0
0.51,0.58,-0.01,0.1,0.0,0.000300236451347,-3.00236451347e-05,0.0
0.52,0.58,-0.02,0.1,0.0,0.000222507206572,-4.45014413144e-05,0.0
0.53,0.58,-0.03,0.1,0.0,0.000135016546127,-4.0504963838e-05,0.0
0.54,0.58,-0.04,0.1,0.0,6.70700260933e-05,-2.68280104373e-05,0.0
0.55,0.58,-0.05,0.1,0.0,2.72740654159e-05,-1.36370327079e-05,0.0
0.56,0.58,-0.06,0.1,0.0,9.07957374049e-06,-5.44774424429e-06,0.0
0.57,0.58,-0.07,0.1,0.0,2.47455423489e-06,-1.73218796442e-06,0.0
0.58,0.58,-0.08,0.1,0.0,5.52152990039e-07,-4.41722392031e-07,0.0
0.59,0.58,-0.09,0.1,0.0,1.0086948164e-07,-9.07825334763e-08,0.0
0.6,0.58,-0.1,0.1,0.0,1.50869155616e-08,-1.50869155616e-08,0.0
0.61,0.58,-0.11,0.1,0.0,1.84748991533e-09,-2.03223890686e-09,0.0
0.62,0.58,-0.12,0.1,0.0,1.8522720424e-10,-2.22272645088e-10,0.0
0.63,0.58,-0.13,0.1,0.0,1.52043748181e-11,-1.97656872635e-11,0.0
0.64,0.58,-0.14,0.1,0.0,1.02181780561e-12,-1.43054492785e-12,0.0
0.65,0.58,-0.15,0.1,0.0,5.62237059758e-14,-8.43355589636e-14,0.0
0.35,0.59,0.15,0.1,0.0,1.0271144743e-14,1.54067171144e-14,0.0
0.36,0.59,0.14,0.1,0.0,1.86669277669e-13,2.61336988737e-13,0.0
0.37,0.59,0.13,0.1,0.0,2.77758877295e-12,3.61086540484e-12,0.0
0.38,0.59,0.12,0.1,0.0,3.38379584466e-11,4.06055501359e-11,0.0
0.39,0.59,0.11,0.1,0.0,3.37505970932e-10,3.71256568025e-10,0.0
0.4,0.59,0.1,0.1,0.0,2.75613107181e-09,2.75613107181e-09,0.0
0.41,0.59,0.09,0.1,0.0,1.84271999713e-08,1.65844799742e-08,0.0
0.42,0.59,0.08,0.1,0.0,1.0086948164e-07,8.06955853122e-08,0.0
0.43,0.59,0.07,0.1,0.0,4.52064859581e-07,3.16445401706e-07,0.0
0.44,0.59,0.06,0.1,0.0,1.65875007478e-06,9.95250044867e-07,0.0
0.45,0.59,0.05,0.1,0.0,4.98307778789e-06,2.49153889394e-06,0.0
0.46,0.59,0.04,0.1,0.0,1.22559479233e-05,4.90237916933e-06,0.0
0.47,0.59,0.03,0.1,0.0,2.46789151972e-05,7.40367455917e-06,0.0
0.48,0.59,0.02,0.1,0.0,4.0685395611e-05,8.13707912221e-06,0.0
0.49,0.59,0.01,0.1,0.0,5.49156312203e-05,5.49156312203e-06,0.0
0.5,0.59,-1.11022302463e-16,0.1,0.0,6.06894060058e-05,-6.73787758984e-20,0.0
0.51,0.59,-0.01,0.1,0.0,5.49156312203e-05,-5.49156312203e-06,0.0
0.52,0.59,-0.02,0.1,0.0,4.0685395611e-05,-8.13707912221e-06,0.0
0.53,0.59,-0.03,0.1,0.0,2.46789151972e-05,-7.40367455917e-06,0.0
0.54,0.59,-0.04,0.1,0.0,1.22559479233e-05,-4.90237916933e-06,0.0
0.55,0.59,-0.05,0.1,0.0,4.98307778789e-06,-2.49153889394e-06,0.0
0.56,0.59,-0.06,0.1,0.0,1.65875007478e-06,-9.95250044867e-07,0.0
0.57,0.59,-0.07,0.1,0.0,4.52064859581e-07,-3.16445401706e-07,0.0
0.58,0.59,-0.08,0.1,0.0,1.0086948164e-07,-8.06955853122e-08,0.0
0.59,0.59,-0.09,0.1,0.0,1.84271999713e-08,-1.65844799742e-08,0.0
0.6,0.59,-0.1,0.1,0.0,2.75613107181e-09,-2.75613107181e-09,0.0
0.61,0.59,-0.11,0.1,0.0,3.37505970932e-10,-3.71256568025e-10,0.0
0.62,0.59,-0.12,0.1,0.0,3.38379584466e-11,-4.06055501359e-11,0.0
0.63,0.59,-0.13,0.1,0.0,2.77758877295e-12,-3.61086540484e-12,0.0
0.64,0.59,-0.14,0.1,0.0,1.86669277669e-13,-2.61336988737e-13,0.0
0.65,0.59,-0.15,0.1,0.0,1.0271144743e-14,-1.54067171144e-14,0.0
0.35,0.6,0.15,0.1,0.0,1.53624093704e-15,2.30436140556e-15,0.0
0.36,0.6,0.14,0.1,0.0,2.79198661123e-14,3.90878125572e-14,0.0
0.37,0.6,0.13,0.1,0.0,4.15440117544e-13,5.40072152807e-13,0.0
0.38,0.6,0.12,0.1,0.0,5.0610967229e-12,6.07331606747e-12,0.0
0.39,0.6,0.11,0.1,0.0,5.04803021242e-11,5.55283323366e-11,0.0
0.4,0.6,0.1,0.1,0.0,4.12230723638e-10,4.12230723638e-10,0.0
0.41,0.6,0.09,0.1,0.0,2.75613107181e-09,2.48051796463e-09,0.0
0.42,0.6,0.08,0.1,0.0,1.50869155616e-08,1.20695324493e-08,0.0
0.43,0.6,0.07,0.1,0.0,6.76148468192e-08,4.73303927735e-08,0.0
0.44,0.6,0.06,0.1,0.0,2.48098708226e-07,1.48859224936e-07,0.0
0.45,0.6,0.05,0.1,0.0,7.45327856837e-07,3.72663928419e-07,0.0
0.46,0.6,0.04,0.1,0.0,1.83320074397e-06,7.33280297588e-07,0.0
0.47,0.6,0.03,0.1,0.0,3.69157865913e-06,1.10747359774e-06,0.0
0.48,0.6,0.02,0.1,0.0,6.08631138011e-06,1.21726227602e-06,0.0
0.49,0.6,0.01,0.1,0.0,8.21557355295e-06,8.21557355295e-07,0.0
0.5,0.6,-1.11022302463e-16,0.1,0.0,9.07957374049e-06,-1.00803518205e-20,0.0
0.51,0.6,-0.01,0.1,0.0,8.21557355295e-06,-8.21557355295e-07,0.0
0.52,0.6,-0.02,0.1,0.0,6.08631138011e-06,-1.21726227602e-06,0.0
0.53,0.6,-0.03,0.1,0.0,3.69157865913e-06,-1.10747359774e-06,0.0
0.54,0.6,-0.04,0.1,0.0,1.83320074397e-06,-7.33280297588e-07,0.0
0.55,0.6,-0.05,0.1,0.0,7.45327856837e-07,-3.72663928419e-07,0.0
0.56,0.6,-0.06,0.1,0.0,2.48098708226e-07,-1.48859224936e-07,0.0
0.57,0.6,-0.07,0.1,0.0,6.76148468192e-08,-4.73303927735e-08,0.0
0.58,0.6,-0.08,0.1,0.0,1.50869155616e-08,-1.20695324493e-08,0.0
0.59,0.6,-0.09,0.1,0.0,2.75613107181e-09,-2.48051796463e-09,0.0
0.6,0.6,-0.1,0.1,0.0,4.12230723638e-10,-4.12230723638e-10,0.0
0.61,0.6,-0.11,0.1,0.0,5.04803021242e-11,-5.55283323366e-11,0.0
0.62,0.6,-0.12,0.1,0.0,5.0610967229e-12,-6.07331606747e-12,0.0
0.63,0.6,-0.13,0.1,0.0,4.15440117544e-13,-5.40072152807e-13,0.0
0.64,0.6,-0.14,0.1,0.0,2.79198661123e-14,-3.90878125572e-14,0.0
0.65,0.6,-0.15,0.1,0.0,1.53624093704e-15,-2.30436140556e-15,0.0
0.35,0.61,0.15,0.1,0.0,1.88122578086e-16,2.82183867129e-16,0.0
0.36,0.61,0.14,0.1,0.0,3.41896708141e-15,4.78655391397e-15,0.0
0.37,0.61,0.13,0.1,0.0,5.08733129475e-14,6.61353068318e-14,0.0
0.38,0.61,0.12,0.1,0.0,6.19763827742e-13,7.43716593291e-13,0.0
0.39,0.61,0.11,0.1,0.0,6.18163749663e-12,6.79980124629e-12,0.0
0.4,0.61,0.1,0.1,0.0,5.04803021242e-11,5.04803021242e-11,0.0
0.41,0.61,0.09,0.1,0.0,3.37505970932e-10,3.03755373839e-10,0.0
0.42,0.61,0.08,0.1,0.0,1.84748991533e-09,1.47799193226e-09,0.0
0.43,0.61,0.07,0.1,0.0,8.27987509479e-09,5.79591256635e-09,0.0
0.44,0.61,0.06,0.1,0.0,3.03813147363e-08,1.82287888418e-08,0.0
0.45,0.61,0.05,0.1,0.0,9.12704857065e-08,4.56352428533e-08,0.0
0.46,0.61,0.04,0.1,0.0,2.2448902107e-07,8.9795608428e-08,0.0
0.47,0.61,0.03,0.1,0.0,4.52064859581e-07,1.35619457874e-07,0.0
0.48,0.61,0.02,0.1,0.0,7.45327856837e-07,1.49065571367e-07,0.0
0.49,0.61,0.01,0.1,0.0,1.00608606035e-06,1.00608606035e-07,0.0
0.5,0.61,-1.11022302463e-16,0.1,0.0,1.11189646673e-06,-1.23445305836e-21,0.0
0.51,0.61,-0.01,0.1,0.0,1.00608606035e-06,-1.00608606035e-07,0.0
0.52,0.61,-0.02,0.1,0.0,7.45327856837e-07,-1.49065571367e-07,0.0
0.53,0.61,-0.03,0.1,0.0,4.52064859581e-07,-1.35619457874e-07,0.0
0.54,0.61,-0.04,0.1,0.0,2.2448902107e-07,-8.9795608428e-08,0.0
0.55,0.61,-0.05,0.1,0.0,9.12704857065e-08,-4.56352428533e-08,0.0
0.56,0.61,-0.06,0.1,0.0,3.03813147363e-08,-1.82287888418e-08,0.0
0.57,0.61,-0.07,0.1,0.0,8.27987509479e-09,-5.79591256635e-09,0.0
0.58,0.61,-0.08,0.1,0.0,1.84748991533e-09,-1.47799193226e-09,0.0
0.59,0.61,-0.09,0.1,0.0,3.37505970932e-10,-3.03755373839e-10,0.0
0.6,0.61,-0.1,0.1,0.0,5.04803021242e-11,-5.04803021242e-11,0.0
0.61,0.61,-0.11,0.1,0.0,6.18163749663e-12,-6.79980124629e-12,0.0
0.62,0.61,-0.12,0.1,0.0,6.19763827742e-13,-7.43716593291e-13,0.0
0.63,0.61,-0.13,0.1,0.0,5.08733129475e-14,-6.61353068318e-14,0.0
0.64,0.61,-0.14,0.1,0.0,3.41896708141e-15,-4.78655391397e-15,0.0
0.65,0.61,-0.15,0.1,0.0,1.88122578086e-16,-2.82183867129e-16,0.0
0.35,0.62,0.15,0.1,0.0,1.88609521571e-17,2.82914282356e-17,0.0
0.36,0.62,0.14,0.1,0.0,3.42781686308e-16,4.79894360832e-16,0.0
0.37,0.62,0.13,0.1,0.0,5.10049953247e-15,6.63064939221e-15,0.0
0.38,0.62,0.12,0.1,0.0,6.21368047508e-14,7.4564165701e-14,0.0
0.39,0.62,0.11,0.1,0.0,6.19763827742e-13,6.81740210517e-13,0.0
0.4,0.62,0.1,0.1,0.0,5.0610967229e-12,5.0610967229e-12,0.0
0.41,0.62,0.09,0.1,0.0,3.38379584466e-11,3.04541626019e-11,0.0
0.42,0.62,0.08,0.1,0.0,1.8522720424e-10,1.48181763392e-10,0.0
0.43,0.62,0.07,0.1,0.0,8.30130734094e-10,5.81091513866e-10,0.0
0.44,0.62,0.06,0.1,0.0,3.04599590255e-09,1.82759754153e-09,0.0
0.45,0.62,0.05,0.1,0.0,9.15067712022e-09,4.57533856011e-09,0.0
0.46,0.62,0.04,0.1,0.0,2.2507032411e-08,9.00281296441e-09,0.0
0.47,0.62,0.03,0.1,0.0,4.53235922842e-08,1.35970776853e-08,0.0
0.48,0.62,0.02,0.1,0.0,7.47259596778e-08,1.49451919356e-08,0.0
0.49,0.62,0.01,0.1,0.0,1.0086948164e-07,1.0086948164e-08,0.0
0.5,0.62,-1.11022302463e-16,0.1,0.0,1.11478011717e-07,-1.23765455348e-22,0.0
0.51,0.62,-0.01,0.1,0.0,1.0086948164e-07,-1.0086948164e-08,0.0
0.52,0.62,-0.02,0.1,0.0,7.47259596778e-08,-1.49451919356e-08,0.0
0.53,0.62,-0.03,0.1,0.0,4.53235922842e-08,-1.35970776853e-08,0.0
0.54,0.62,-0.04,0.1,0.0,2.2507032411e-08,-9.00281296441e-09,0.0
0.55,0.62,-0.05,0.1,0.0,9.15067712022e-09,-4.57533856011e-09,0.0
0.56,0.62,-0.06,0.1,0.0,3.04599590255e-09,-1.82759754153e-09,0.0
0.57,0.62,-0.07,0.1,0.0,8.30130734094e-10,-5.81091513866e-10,0.0
0.58,0.62,-0.08,0.1,0.0,1.8522720424e-10,-1.48181763392e-10,0.0
0.59,0.62,-0.09,0.1,0.0,3.38379584466e-11,-3.04541626019e-11,0.0
0.6,0.62,-0.1,0.1,0.0,5.0610967229e-12,-5.0610967229e-12,0.0
0.61,0.62,-0.11,0.1,0.0,6.19763827742e-13,-6.81740210517e-13,0.0
0.62,0.62,-0.12,0.1,0.0,6.21368047508e-14,-7.4564165701e-14,0.0
0.63,0.62,-0.13,0.1,0.0,5.10049953247e-15,-6.63064939221e-15,0.0
0.64,0.62,-0.14,0.1,0.0,3.42781686308e-16,-4.79894360832e-16,0.0
0.65,0.62,-0.15,0.1,0.0,1.88609521571e-17,-2.82914282356e-17,0.0
0.35,0.63,0.15,0.1,0.0,1.54820123186e-18,2.32230184779e-18,0.0
0.36,0.63,0.14,0.1,0.0,2.81372342489e-17,3.93921279485e-17,0.0
0.37,0.63,0.13,0.1,0.0,4.18674497104e-16,5.44276846235e-16,0.0
0.38,0.63,0.12,0.1,0.0,5.10049953247e-15,6.12059943896e-15,0.0
0.39,0.63,0.11,0.1,0.0,5.08733129475e-14,5.59606442423e-14,0.0
0.4,0.63,0.1,0.1,0.0,4.15440117544e-13,4.15440117544e-13,0.0
0.41,0.63,0.09,0.1,0.0,2.77758877295e-12,2.49982989566e-12,0.0
0.42,0.63,0.08,0.1,0.0,1.52043748181e-11,1.21634998544e-11,0.0
0.43,0.63,0.07,0.1,0.0,6.81412804254e-11,4.76988962978e-11,0.0
0.44,0.63,0.06,0.1,0.0,2.50030572965e-10,1.50018343779e-10,0.0
0.45,0.63,0.05,0.1,0.0,7.51133350367e-10,3.75566675183e-10,0.0
0.46,0.63,0.04,0.1,0.0,1.84748991533e-09,7.38995966131e-10,0.0
0.47,0.63,0.03,0.1,0.0,3.72038778418e-09,1.11611633525e-09,0.0
0.48,0.63,0.02,0.1,0.0,6.133882401e-09,1.2267764802e-09,0.0
0.49,0.63,0.01,0.1,0.0,8.27987509479e-09,8.27987509479e-10,0.0
0.5,0.63,-1.11022302463e-16,0.1,0.0,9.15067712022e-09,-1.01592924298e-23,0.0
0.51,0.63,-0.01,0.1,0.0,8.27987509479e-09,-8.27987509479e-10,0.0
0.52,0.63,-0.02,0.1,0.0,6.133882401e-09,-1.2267764802e-09,0.0
0.53,0.63,-0.03,0.1,0.0,3.72038778418e-09,-1.11611633525e-09,0.0
0.54,0.63,-0.04,0.1,0.0,1.84748991533e-09,-7.38995966131e-10,0.0
0.55,0.63,-0.05,0.1,0.0,7.51133350367e-10,-3.75566675183e-10,0.0
0.56,0.63,-0.06,0.1,0.0,2.50030572965e-10,-1.50018343779e-10,0.0
0.57,0.63,-0.07,0.1,0.0,6.81412804254e-11,-4.76988962978e-11,0.0
0.58,0.63,-0.08,0.1,0.0,1.52043748181e-11,-1.21634998544e-11,0.0
0.59,0.63,-0.09,0.1,0.0,2.77758877295e-12,-2.49982989566e-12,0.0
0.6,0.63,-0.1,0.1,0.0,4.15440117544e-13,-4.15440117544e-13,0.0
0.61,0.63,-0.11,0.1,0.0,5.08733129475e-14,-5.59606442423e-14,0.0
0.62,0.63,-0.12,0.1,0.0,5.10049953247e-15,-6.12059943896e-15,0.0
0.63,0.63,-0.13,0.1,0.0,4.18674497104e-16,-5.44276846235e-16,0.0
0.64,0.63,-0.14,0.1,0.0,2.81372342489e-17,-3.93921279485e-17,0.0
0.65,0.63,-0.15,0.1,0.0,1.54820123186e-18,-2.32230184779e-18,0.0
0.35,0.64,0.15,0.1,0.0,1.04047657611e-19,1.56071486417e-19,0.0
0.36,0.64,0.14,0.1,0.0,1.89097725478e-18,2.64736815669e-18,0.0
0.37,0.64,0.13,0.1,0.0,2.81372342489e-17,3.65784045236e-17,0.0
0.38,0.64,0.12,0.1,0.0,3.42781686308e-16,4.1133802357e-16,0.0
0.39,0.64,0.11,0.1,0.0,3.41896708141e-15,3.76086378955e-15,0.0
0.4,0.64,0.1,0.1,0.0,2.79198661123e-14,2.79198661123e-14,0.0
0.41,0.64,0.09,0.1,0.0,1.86669277669e-13,1.68002349902e-13,0.0
0.42,0.64,0.08,0.1,0.0,1.02181780561e-12,8.17454244486e-13,0.0
0.43,0.64,0.07,0.1,0.0,4.57946969119e-12,3.20562878383e-12,0.0
0.44,0.64,0.06,0.1,0.0,1.68034328763e-11,1.00820597258e-11,0.0
0.45,0.64,0.05,0.1,0.0,5.04803021242e-11,2.52401510621e-11,0.0
0.46,0.64,0.04,0.1,0.0,1.24161508111e-10,4.96646032444e-11,0.0
0.47,0.64,0.03,0.1,0.0,2.50030572965e-10,7.50091718894e-11,0.0
0.48,0.64,0.02,0.1,0.0,4.12230723638e-10,8.24461447276e-11,0.0
0.49,0.64,0.01,0.1,0.0,5.56453272655e-10,5.56453272655e-11,0.0
0.5,0.64,-1.11022302463e-16,0.1,0.0,6.14975974026e-10,-6.82760485955e-25,0.0
0.51,0.64,-0.01,0.1,0.0,5.56453272655e-10,-5.56453272655e-11,0.0
0.52,0.64,-0.02,0.1,0.0,4.12230723638e-10,-8.24461447276e-11,0.0
0.53,0.64,-0.03,0.1,0.0,2.50030572965e-10,-7.50091718894e-11,0.0
0.54,0.64,-0.04,0.1,0.0,1.24161508111e-10,-4.96646032444e-11,0.0
0.55,0.64,-0.05,0.1,0.0,5.04803021242e-11,-2.52401510621e-11,0.0
0.56,0.64,-0.06,0.1,0.0,1.68034328763e-11,-1.00820597258e-11,0.0
0.57,0.64,-0.07,0.1,0.0,4.57946969119e-12,-3.20562878383e-12,0.0
0.58,0.64,-0.08,0.1,0.0,1.02181780561e-12,-8.17454244486e-13,0.0
0.59,0.64,-0.09,0.1,0.0,1.86669277669e-13,-1.68002349902e-13,0.0
0.6,0.64,-0.1,0.1,0.0,2.79198661123e-14,-2.79198661123e-14,0.0
0.61,0.64,-0.11,0.1,0.0,3.41896708141e-15,-3.76086378955e-15,0.0
0.62,0.64,-0.12,0.1,0.0,3.42781686308e-16,-4.1133802357e-16,0.0
0.63,0.64,-0.13,0.1,0.0,2.81372342489e-17,-3.65784045236e-17,0.0
0.64,0.64,-0.14,0.1,0.0,1.89097725478e-18,-2.64736815669e-18,0.0
0.65,0.64,-0.15,0.1,0.0,1.04047657611e-19,-1.56071486417e-19,0.0
0.35,0.65,0.15,0.1,0.0,5.7250371611e-21,8.58755574165e-21,0.0
0.36,0.65,0.14,0.1,0.0,1.04047657611e-19,1.45666720656e-19,0.0
0.37,0.65,0.13,0.1,0.0,1.54820123186e-18,2.01266160141e-18,0.0
0.38,0.65,0.12,0.1,0.0,1.88609521571e-17,2.26331425885e-17,0.0
0.39,0.65,0.11,0.1,0.0,1.88122578086e-16,2.06934835895e-16,0.0
0.4,0.65,0.1,0.1,0.0,1.53624093704e-15,1.53624093704e-15,0.0
0.41,0.65,0.09,0.1,0.0,1.0271144743e-14,9.24403026866e-15,0.0
0.42,0.65,0.08,0.1,0.0,5.62237059758e-14,4.49789647806e-14,0.0
0.43,0.65,0.07,0.1,0.0,2.51977168565e-13,1.76384017996e-13,0.0
0.44,0.65,0.06,0.1,0.0,9.24578984929e-13,5.54747390958e-13,0.0
0.45,0.65,0.05,0.1,0.0,2.77758877295e-12,1.38879438648e-12,0.0
0.46,0.65,0.04,0.1,0.0,6.83176598733e-12,2.73270639493e-12,0.0
0.47,0.65,0.03,0.1,0.0,1.37574872533e-11,4.127246176e-12,0.0
0.48,0.65,0.02,0.1,0.0,2.26822618649e-11,4.53645237299e-12,0.0
0.49,0.65,0.01,0.1,0.0,3.06178509529e-11,3.06178509529e-12,0.0
0.5,0.65,-1.11022302463e-16,0.1,0.0,3.38379584466e-11,-3.75676805737e-26,0.0
0.51,0.65,-0.01,0.1,0.0,3.06178509529e-11,-3.06178509529e-12,0.0
0.52,0.65,-0.02,0.1,0.0,2.26822618649e-11,-4.53645237299e-12,0.0
0.53,0.65,-0.03,0.1,0.0,1.37574872533e-11,-4.127246176e-12,0.0
0.54,0.65,-0.04,0.1,0.0,6.83176598733e-12,-2.73270639493e-12,0.0
0.55,0.65,-0.05,0.1,0.0,2.77758877295e-12,-1.38879438648e-12,0.0
0.56,0.65,-0.06,0.1,0.0,9.24578984929e-13,-5.54747390958e-13,0.0
0.57,0.65,-0.07,0.1,0.0,2.51977168565e-13,-1.76384017996e-13,0.0
0.58,0.65,-0.08,0.1,0.0,5.62237059758e-14,-4.49789647806e-14,0.0
0.59,0.65,-0.09,0.1,0.0,1.0271144743e-14,-9.24403026866e-15,0.0
0.6,0.65,-0.1,0.1,0.0,1.53624093704e-15,-1.53624093704e-15,0.0
0.61,0.65,-0.11,0.1,0.0,1.88122578086e-16,-2.06934835895e-16,0.0
0.62,0.65,-0.12,0.1,0.0,1.88609521571e-17,-2.26331425885e-17,0.0
0.63,0.65,-0.13,0.1,0.0,1.54820123186e-18,-2.01266160141e-18,0.0
0.64,0.65,-0.14,0.1,0.0,1.04047657611e-19,-1.45666720656e-19,0.0
0.65,0.65,-0.15,0.1,0.0,5.7250371611e-21,-8.58755574165e-21,0.0
